{"lackawanna": 3, "blues": 3, "moving": 2, "film": 4, "depicting": 2, "era": 2, "filled": 2, "varying": 2, "emotions": 2, "characters": 3, "seen": 2, "eyes": 2, "young": 2, "boy": 2, "clearly": 3, "supports": 2, "takes": 2, "village": 2, "raise": 2, "child": 2, "reminds": 2, "important": 2, "time": 2, "black": 2, "history": 2, "culture": 2, "gained": 2, "incredible": 2, "amount": 2, "respect": 2, "macy": 3, "gray": 2, "actress": 3, "character": 3, "little": 2, "crazy": 2, "yet": 2, "lovable": 2, "known": 2, "someone": 2, "like": 3, "epatha": 4, "merkerson": 2, "absolutely": 2, "fantastic": 2, "nanny": 2, "never": 3, "realized": 2, "great": 2, "law": 2, "order": 2, "showcased": 2, "depth": 2, "acting": 2, "abilities": 2, "pleasantly": 2, "surprised": 2, "amazed": 2, "music": 2, "reminded": 2, "childhood": 2, "sweet": 2, "nostalgic": 2, "walk": 2, "memory": 2, "lane": 2, "truly": 2, "enjoyed": 2, "eagerly": 2, "await": 2, "dvd": 2, "release": 2, "add": 2, "collection": 2}