{"fabulous": 2, "cinematography": 2, "sergei": 2, "urusevsky": 2, "help": 2, "make": 2, "stunning": 2, "piece": 2, "work": 2, "opening": 2, "scenes": 2, "one": 3, "leafing": 2, "master": 2, "photographer": 2, "album": 2, "story": 2, "begins": 2, "unfold": 2, "swept": 2, "away": 2, "events": 2, "depicted": 2, "beautiful": 2, "look": 2, "well": 2, "shot": 3, "several": 2, "whole": 2, "sequences": 2, "simply": 2, "breathtaking": 2, "difficult": 2, "describe": 2, "without": 2, "suffice": 2, "say": 2, "intense": 2, "scene": 2, "air": 2, "raid": 2, "lady": 2, "left": 2, "behind": 2, "lover": 2, "brother": 2, "odds": 2, "sirens": 2, "whine": 2, "windows": 2, "shatter": 2, "another": 2, "superimposes": 2, "swirling": 2, "staircase": 2, "spinning": 2, "tree": 2, "tops": 2, "even": 2, "develops": 2, "fantasy": 2, "sequence": 2, "soviet": 2, "film": 2, "making": 2, "highest": 2, "order": 2}