{"magnificent": 2, "many": 2, "ways": 2, "impressive": 3, "film": 3, "saw": 2, "tv": 2, "little": 2, "boy": 2, "throat": 2, "almost": 2, "strangled": 2, "tears": 2, "today": 2, "magnificently": 2, "restored": 2, "criterion": 2, "cranes": 3, "essence": 2, "war": 2, "weepie": 2, "imagine": 2, "umbrellas": 2, "cherbourg": 3, "music": 2, "color": 2, "waterloo": 2, "bridge": 2, "class": 2, "tatiana": 2, "samoilova": 2, "cross": 2, "vivien": 2, "leigh": 2, "bjork": 2, "deeply": 2, "affecting": 2, "pretty": 3, "girl": 2, "whose": 2, "enlists": 2, "write": 2, "come": 2, "boris": 2, "dies": 2, "front": 2, "death": 2, "scene": 4, "indescribably": 2, "romantic": 2, "daring": 2, "close": 2, "top": 2, "stay": 2, "although": 3, "soviets": 2, "defined": 2, "wwii": 2, "movie": 2, "quite": 3, "unspecific": 2, "powerful": 2, "scenes": 4, "feel": 3, "attempt": 2, "period": 2, "detail": 2, "whole": 2, "becomes": 2, "stylized": 2, "siberian": 2, "like": 3, "modern": 2, "opera": 2, "set": 2, "compliment": 2, "cathartic": 2, "final": 2, "milked": 2, "last": 2, "drop": 2, "comparable": 2, "production": 2, "feels": 2, "big": 2, "budget": 2, "staircase": 2, "must": 2, "cost": 2, "kopek": 2, "go": 2, "expect": 2, "bitter": 2, "socialist": 2, "pill": 2, "course": 2, "sad": 2, "flying": 2, "slice": 2, "world": 2, "cinema": 2, "advanced": 2, "considering": 2, "made": 2}