{"darling": 2, "lili": 2, "mixture": 2, "perfection": 2, "magic": 3, "stars": 2, "julie": 3, "andrews": 4, "rock": 2, "hudson": 2, "could": 2, "done": 2, "better": 2, "attempt": 2, "tried": 2, "full": 2, "young": 2, "lady": 2, "wishes": 2, "makes": 2, "seem": 2, "really": 2, "happen": 2, "brilliance": 2, "director": 2, "blake": 2, "edwards": 2, "shown": 2, "best": 2, "truly": 2, "capturing": 2, "woman": 2, "loved": 2, "screen": 2, "blend": 2, "song": 3, "went": 2, "perfectly": 2, "moment": 2, "film": 5, "opened": 2, "singing": 2, "whistling": 2, "away": 2, "dark": 2, "closed": 2, "excellence": 2, "failure": 2, "released": 2, "total": 2, "shock": 2, "inspirational": 3, "purely": 2, "memorable": 2, "lines": 2}