{"well": 2, "disagree": 2, "leonard": 3, "maltin": 4, "animated": 2, "short": 2, "loves": 2, "claimed": 2, "hilarious": 2, "enjoyed": 2, "see": 3, "humor": 2, "even": 2, "like": 5, "hockey": 4, "know": 3, "anything": 2, "still": 2, "loved": 2, "story": 4, "living": 2, "right": 2, "across": 2, "border": 2, "canada": 3, "watched": 2, "years": 3, "buffalo": 2, "think": 2, "much": 2, "cartoon": 2, "oh": 2, "interesting": 3, "would": 2, "happen": 2, "wore": 2, "toronto": 3, "jersey": 2, "quebec": 3, "area": 2, "disaster": 2, "especially": 2, "holds": 2, "true": 2, "glory": 2, "les": 2, "canadians": 3, "however": 2, "make": 2, "funny": 3, "back": 2, "everyone": 3, "provinces": 2, "idolized": 2, "montreal": 2, "star": 2, "player": 2, "maurice": 2, "richard": 2, "wanted": 2, "mother": 2, "orders": 2, "new": 2, "sweater": 2, "maple": 2, "leafs": 2, "emblem": 2, "kid": 4, "want": 2, "caught": 2, "dead": 2, "wearing": 2, "finally": 2, "heads": 2, "local": 2, "rink": 2, "gets": 3, "ostracized": 2, "rest": 2, "buddies": 2, "could": 3, "thing": 2, "happening": 2, "boston": 2, "red": 2, "sox": 2, "mom": 2, "yankees": 2, "shirt": 2, "horrors": 2, "wear": 2, "maybe": 2, "someone": 2, "follow": 2, "sports": 3, "situation": 2, "seems": 2, "odd": 2, "humorous": 2, "fact": 2, "life": 2, "fan": 2, "favorite": 2, "team": 2, "totally": 2, "believable": 2, "nothing": 2, "made": 2, "art": 2, "fun": 2, "look": 2, "throughout": 2, "almost": 2, "looking": 2, "long": 2, "series": 2, "crayon": 2, "paintings": 2, "done": 2, "talented": 2, "school": 2, "french": 2, "canadian": 2, "accent": 2, "good": 2, "movie": 2, "part": 2, "dvd": 2, "animation": 2, "favorites": 2, "national": 2, "film": 2, "board": 2}