{"marvelous": 2, "short": 2, "hit": 2, "home": 2, "everyone": 2, "child": 2, "specifically": 2, "asked": 2, "something": 3, "hip": 2, "cool": 2, "given": 2, "would": 2, "mark": 2, "life": 2, "peers": 2, "told": 2, "mom": 2, "dad": 2, "matter": 2, "earnestly": 2, "began": 2, "considering": 2, "enlisting": 2, "witness": 2, "protection": 2, "program": 2, "order": 2, "avoid": 2, "ridicule": 2, "residents": 2, "get": 2, "horror": 2, "follow": 2, "hockey": 2, "like": 2, "dallas": 2, "cowboy": 2, "fan": 4, "getting": 4, "washington": 2, "redskins": 2, "jersey": 4, "yankees": 2, "red": 2, "sox": 2, "pretty": 2, "european": 2, "friends": 2, "think": 2, "two": 2, "great": 2, "rival": 2, "football": 2, "soccer": 2, "us": 2, "clubs": 2, "imagine": 2, "one": 2, "ouch": 2, "nfb": 2, "c": 2, "outdid": 2, "une": 2, "hommage": 2, "du": 2, "maurice": 2, "rocket": 2, "richard": 3, "merci": 2}