{"interesting": 2, "cartoon": 3, "included": 2, "dvd": 2, "lost": 2, "skeleton": 2, "cadavra": 2, "especially": 3, "like": 3, "way": 2, "color": 2, "used": 2, "background": 2, "art": 2, "artistic": 2, "columbia": 2, "whose": 2, "department": 2, "generally": 2, "low": 2, "budget": 2, "results": 2, "looked": 2, "wonder": 2, "however": 2, "certain": 2, "um": 2, "finger": 2, "gesture": 3, "ever": 2, "got": 2, "past": 2, "censors": 3, "granted": 2, "question": 3, "seen": 3, "lot": 2, "less": 2, "frequently": 2, "today": 2, "think": 2, "someone": 2, "besides": 2, "animators": 3, "would": 3, "noticed": 2, "though": 2, "since": 2, "three": 2, "times": 2, "scene": 2, "based": 2, "context": 2, "suspect": 2, "inclusion": 2, "intentional": 2, "something": 2, "slipped": 2, "see": 2, "notice": 2}