{"know": 3, "park": 4, "seen": 2, "oldboy": 3, "sympathy": 2, "trilogy": 2, "matter": 2, "missing": 2, "best": 3, "films": 2, "made": 2, "century": 2, "talk": 3, "movie": 9, "would": 3, "expect": 2, "yes": 2, "vampire": 2, "time": 3, "also": 2, "twisted": 2, "tale": 2, "romance": 3, "priest": 2, "young": 2, "girl": 2, "wont": 2, "get": 2, "synopsis": 2, "read": 2, "instead": 2, "tell": 2, "offer": 2, "master": 2, "cinematography": 2, "exception": 2, "surreal": 2, "scenes": 2, "backed": 2, "intense": 3, "lighting": 2, "sets": 2, "mood": 2, "perfectly": 2, "almost": 5, "every": 2, "scene": 3, "start": 3, "bit": 2, "slow": 2, "felt": 2, "necessary": 2, "build": 2, "relationship": 3, "characters": 3, "things": 2, "moving": 2, "along": 2, "never": 2, "lets": 2, "credits": 2, "roll": 2, "thirst": 2, "predominantly": 2, "love": 2, "story": 2, "sense": 2, "think": 2, "lead": 2, "disturbing": 2, "stranger": 2, "controversy": 2, "film": 4, "touches": 2, "taboo": 2, "much": 2, "end": 2, "far": 3, "powerful": 2, "perhaps": 2, "one": 2, "conclusions": 2, "overall": 2, "exceptional": 2, "feel": 2, "buffs": 2, "see": 3, "exciting": 2, "admittedly": 2, "different": 2, "take": 2, "world": 2, "vampires": 2, "sappy": 2, "boring": 2, "gritty": 2, "selfless": 2, "beautiful": 2, "wrong": 2, "ways": 2, "obviously": 2, "everyone": 2, "chances": 2, "reading": 2, "review": 2, "already": 2, "interested": 2, "hesitate": 2}