{"unlike": 2, "many": 2, "posted": 2, "movie": 6, "literate": 2, "stumbled": 2, "across": 2, "accident": 2, "channel": 2, "surfing": 2, "could": 3, "surf": 2, "away": 2, "truly": 2, "incredible": 3, "worthy": 2, "praise": 2, "critics": 2, "site": 2, "heaped": 2, "actors": 2, "terrific": 2, "tatiana": 9, "beautiful": 2, "innocent": 2, "boris": 10, "sweet": 2, "patriotic": 2, "help": 2, "feel": 2, "father": 3, "exasperation": 2, "sorrow": 3, "upbraids": 2, "son": 3, "foolishness": 2, "volunteering": 2, "serve": 2, "great": 2, "others": 2, "summarized": 2, "well": 2, "mention": 3, "couple": 2, "scenes": 3, "moved": 2, "brother": 6, "reveals": 2, "family": 2, "broken": 2, "trust": 2, "marry": 2, "twisted": 2, "mouth": 2, "shows": 2, "revulsion": 2, "betrayal": 2, "even": 3, "though": 2, "part": 2, "unfaithfulness": 2, "might": 3, "rape": 2, "fear": 2, "rest": 2, "right": 2, "wrong": 2, "visiting": 2, "destruction": 2, "worse": 2, "show": 2, "destroyed": 2, "immoral": 2, "descent": 2, "cigarette": 2, "smoking": 2, "decadence": 2, "since": 2, "french": 2, "existential": 2, "cinema": 2, "latter": 2, "happen": 2, "thankfully": 2, "another": 2, "scene": 3, "tears": 3, "heart": 2, "unnamed": 2, "musician": 3, "soldier": 2, "saved": 2, "returns": 2, "tell": 2, "death": 2, "unwittingly": 2, "breaks": 2, "news": 2, "ca": 2, "describe": 2, "still": 3, "finds": 3, "straw": 2, "grab": 2, "hope": 3, "yet": 2, "come": 2, "home": 2, "actually": 2, "never": 2, "saw": 3, "buried": 2, "wo": 2, "want": 3, "observe": 2, "touches": 2, "soviet": 2, "political": 2, "correctness": 2, "detract": 2, "film": 3, "revealed": 2, "piano": 2, "playing": 2, "slacker": 2, "someone": 2, "steals": 2, "would": 2, "doubt": 2, "gets": 2, "least": 2, "tenner": 2, "conclusion": 2, "ending": 2, "finally": 2, "learns": 2, "certain": 2, "dead": 2, "manages": 2, "end": 2, "cheerfully": 2, "full": 2, "future": 2, "imagine": 2, "catharsis": 2, "must": 2, "swept": 2, "theater": 2, "survivors": 2, "war": 2, "losses": 2, "mind": 2, "first": 2, "go": 2, "see": 2}