{"fantastic": 2, "cinema": 2, "experience": 2, "really": 2, "enjoyed": 2, "seeing": 2, "truly": 2, "magnificent": 2, "film": 4, "theater": 3, "came": 2, "nothing": 2, "add": 2, "except": 2, "terrible": 2, "shame": 2, "sir": 3, "albert": 2, "finney": 3, "still": 2, "accepted": 2, "ampas": 2, "american": 2, "academy": 2, "roles": 2, "films": 2, "tom": 2, "jones": 2, "murder": 2, "orient": 2, "express": 2, "volcano": 2, "name": 2, "nominated": 2, "oscar": 3, "dresser": 3, "arguably": 2, "highlight": 2, "yet": 2, "know": 3, "oscars": 2, "popularity": 2, "contest": 2, "americans": 2, "like": 2, "british": 2, "actors": 2, "actresses": 2, "goes": 2, "jeremy": 2, "irons": 2, "daniel": 2, "anthony": 2, "hopkins": 2, "emma": 2, "thompson": 2, "glenda": 2, "jackson": 2, "etc": 2, "deserved": 2, "award": 2, "always": 2, "left": 2, "empty": 2, "hands": 2, "hand": 2, "gave": 2, "john": 2, "wayne": 2, "marisa": 2, "tomei": 2, "cousin": 2, "vinny": 2, "laugh": 2, "seen": 2, "two": 2, "leads": 2, "wo": 2, "forget": 2, "art": 2, "acting": 2, "watch": 2, "enjoy": 2, "recommend": 2, "everyone": 2, "loves": 2, "give": 2, "excellent": 2, "point": 2, "missing": 2, "material": 2, "note": 2, "criteria": 2, "much": 2, "stronger": 2, "imdb": 2, "cinematic": 2, "masterpiece": 2, "last": 2, "forever": 2}