{"film": 4, "undoubtedly": 2, "one": 3, "greatest": 2, "landmarks": 2, "history": 2, "cinema": 5, "seeing": 3, "retrospectively": 2, "notice": 2, "world": 2, "purely": 2, "humanistic": 2, "dramaturgy": 2, "strong": 2, "adequate": 2, "use": 2, "montage": 2, "almost": 2, "religious": 2, "admiration": 2, "ethical": 2, "choices": 2, "human": 2, "life": 3, "form": 2, "arts": 3, "much": 2, "higher": 2, "ordinary": 2, "gave": 3, "many": 2, "people": 3, "hope": 3, "live": 3, "tragic": 2, "war": 2, "said": 2, "even": 2, "picasso": 2, "moved": 2, "cried": 2, "work": 2, "art": 3, "appear": 2, "years": 2, "audience": 2, "time": 3, "also": 2, "different": 2, "read": 2, "kurosawa": 2, "ikiru": 3, "first": 2, "release": 2, "young": 2, "couple": 2, "quietly": 2, "told": 2, "good": 2, "think": 2, "contemporary": 3, "though": 2, "technically": 2, "developed": 2, "opened": 2, "new": 2, "narrative": 2, "perspective": 2, "lost": 2, "important": 2, "really": 2, "popular": 2, "unlike": 2, "modern": 2, "fine": 2, "music": 2, "millions": 2, "ideals": 2, "point": 2, "view": 2, "letyat": 2, "zhuravli": 2, "must": 2, "pantheon": 2, "classics": 2, "city": 2, "light": 2, "la": 2, "strada": 2}