{"mikhail": 2, "kalatozov": 2, "cranes": 2, "flying": 2, "superb": 2, "film": 4, "winner": 2, "golden": 2, "palm": 2, "cannes": 3, "festival": 2, "excellent": 2, "cinematography": 2, "performance": 3, "tatyana": 2, "samojlova": 3, "russian": 2, "actor": 2, "ever": 2, "win": 2, "award": 2, "plays": 2, "veronika": 4, "teenager": 3, "love": 3, "boyfriend": 3, "happy": 2, "without": 2, "preoccupations": 2, "plans": 2, "getting": 2, "married": 2, "life": 2, "get": 2, "upside": 2, "world": 2, "war": 3, "ii": 2, "strikes": 2, "volunteers": 2, "army": 2, "depicts": 2, "effect": 2, "people": 2, "stayed": 2, "saw": 2, "loved": 2, "ones": 2, "go": 2, "fight": 2, "waiting": 2, "letter": 2, "information": 2, "portrayal": 2, "lost": 2, "innocence": 2, "magnificent": 2, "job": 2, "character": 2, "transformation": 2, "break": 2, "heart": 2, "camera": 3, "movement": 2, "fast": 2, "lot": 2, "dancing": 2, "first": 2, "scene": 3, "stairs": 3, "fantastic": 2, "one": 3, "later": 2, "attempts": 2, "committing": 2, "suicide": 2, "another": 2, "opinion": 2, "powerful": 2, "scenes": 2, "movie": 2, "history": 2, "bombing": 2, "house": 2, "runs": 2, "middle": 2, "fire": 2, "find": 2, "apartment": 2, "completely": 2, "destroyed": 2, "simply": 2, "great": 2}