{"years": 2, "since": 2, "privileged": 2, "see": 3, "movie": 5, "tv": 3, "wish": 2, "could": 3, "contact": 2, "someone": 2, "married": 2, "man": 2, "three": 2, "children": 2, "two": 2, "fetal": 2, "alcohol": 4, "syndrome": 2, "realize": 2, "seeing": 2, "helped": 2, "understand": 3, "problems": 2, "love": 2, "help": 2, "overcome": 2, "difficulties": 2, "thank": 3, "lord": 2, "blossomed": 2, "wonderfully": 2, "still": 2, "many": 2, "affects": 2, "born": 2, "alcoholic": 2, "mother": 2, "speak": 2, "every": 2, "month": 2, "rehab": 2, "patients": 2, "drug": 2, "addictions": 2, "sharing": 2, "truly": 2, "made": 2, "monumental": 2, "changes": 2, "behaviors": 2, "endeavors": 2, "start": 2, "new": 2, "life": 2, "addicted": 2, "drugs": 2, "please": 3, "let": 2, "know": 2, "get": 2, "copy": 2, "vhs": 2, "dvd": 2, "show": 2, "shoes": 2, "probably": 2, "never": 2, "value": 2, "much": 2}