{"lackawanna": 3, "emotionally": 2, "powerful": 2, "portrayal": 2, "urban": 3, "blacks": 3, "early": 2, "culture": 3, "joy": 2, "sadness": 2, "specific": 2, "working": 2, "class": 2, "existed": 2, "outside": 2, "mainstream": 2, "characters": 5, "play": 2, "depicted": 2, "black": 2, "individuals": 2, "lived": 2, "imperfect": 2, "lives": 2, "maintained": 2, "strong": 3, "positive": 2, "values": 4, "love": 2, "loyalty": 2, "honor": 2, "although": 2, "moved": 2, "away": 2, "times": 2, "deny": 2, "importance": 2, "instead": 2, "recognized": 2, "accepted": 2, "imperfection": 2, "without": 2, "judgment": 2, "passed": 2, "life": 3, "nanny": 2, "central": 2, "believable": 2, "settings": 2, "realistic": 2, "brought": 2, "back": 2, "personal": 2, "memories": 2, "era": 2, "time": 2, "sensory": 2, "intoxication": 2, "sight": 2, "sound": 2, "smell": 2, "could": 2, "almost": 2, "experienced": 2, "watching": 2, "drama": 2, "blues": 2, "unfold": 2, "watch": 2}