{"movie": 3, "made": 3, "nfbc": 2, "honor": 3, "montreal": 3, "canadians": 3, "dynasty": 2, "years": 3, "grade": 2, "teacher": 2, "played": 2, "class": 2, "birthday": 2, "also": 3, "celebrate": 2, "return": 2, "serious": 2, "facial": 2, "injury": 2, "fan": 2, "life": 2, "scale": 2, "give": 2, "film": 3, "hockey": 3, "fans": 2, "see": 2, "hope": 2, "placed": 2, "hall": 2, "fame": 2, "toronto": 2, "shown": 2, "bell": 2, "centre": 2, "edmonton": 2, "rexall": 2, "place": 2, "watch": 2, "family": 2, "great": 2, "recommend": 2, "book": 2, "french": 2, "english": 2, "go": 3, "habs": 2}