{"seen": 3, "expecting": 2, "least": 2, "end": 3, "read": 2, "reviews": 2, "picking": 2, "used": 2, "copy": 2, "amazon": 2, "glad": 2, "first": 2, "introduced": 2, "park": 9, "work": 4, "via": 2, "oldboy": 4, "curious": 2, "treat": 2, "genre": 3, "rather": 2, "pleased": 2, "clever": 2, "manner": 2, "executed": 2, "think": 4, "matured": 2, "terms": 2, "presentation": 2, "nice": 4, "deliberate": 2, "camera": 2, "innovations": 2, "bakjwi": 7, "vamp": 2, "movies": 2, "example": 2, "scene": 2, "father": 3, "hyeon": 2, "realizing": 2, "beast": 2, "growing": 2, "within": 2, "gives": 2, "shoes": 2, "always": 2, "barefoot": 2, "able": 2, "see": 4, "blood": 2, "pumping": 2, "skin": 2, "eye": 2, "widen": 2, "effect": 2, "also": 3, "happy": 2, "cg": 3, "crap": 2, "movie": 5, "fact": 2, "little": 5, "came": 2, "away": 4, "totally": 2, "set": 2, "one": 3, "thing": 3, "going": 2, "happen": 2, "get": 5, "taken": 2, "ride": 2, "true": 2, "fashion": 2, "additionally": 2, "liked": 2, "played": 2, "symbolism": 2, "reversal": 2, "whereas": 2, "usually": 2, "asia": 2, "cinema": 2, "beginning": 2, "plot": 2, "develop": 2, "slowly": 2, "know": 2, "characters": 2, "feel": 3, "like": 4, "invisible": 2, "observer": 2, "transpiring": 2, "treats": 2, "ghost": 2, "christmas": 2, "future": 2, "coming": 2, "show": 2, "albeit": 2, "bit": 2, "boringly": 2, "life": 2, "outside": 2, "world": 2, "ah": 2, "start": 3, "kinship": 2, "befallen": 2, "burgeoning": 2, "lust": 2, "conflict": 2, "duty": 2, "priest": 3, "almost": 2, "root": 2, "even": 2, "nicely": 2, "slaps": 2, "us": 2, "back": 2, "reality": 2, "really": 2, "moral": 2, "dilemma": 2, "right": 3, "wrong": 2, "wo": 2, "spoil": 2, "tell": 2, "watch": 3, "mindset": 2, "come": 3, "wants": 2, "expect": 3, "stylization": 2, "interesting": 2, "take": 2, "indeed": 2, "missed": 2, "many": 2, "literary": 2, "elements": 2, "religious": 2, "allusions": 2, "watched": 2, "let": 2, "either": 2}