{"expecting": 2, "much": 2, "harsh": 2, "reviews": 2, "proceeded": 2, "enjoy": 2, "movie": 2, "great": 2, "deal": 2, "result": 2, "softer": 2, "colors": 2, "less": 2, "stunning": 2, "compositions": 2, "shots": 2, "previous": 2, "films": 3, "opinion": 2, "allowed": 2, "narrative": 2, "take": 2, "focus": 2, "though": 2, "religious": 2, "conflict": 2, "vampire": 2, "flick": 2, "commonplace": 2, "felt": 2, "like": 2, "many": 2, "things": 3, "example": 2, "powers": 2, "often": 2, "revealed": 2, "interaction": 2, "strong": 3, "well": 4, "acted": 2, "love": 2, "symbolism": 2, "man": 2, "killed": 2, "get": 2, "closer": 2, "actually": 2, "separating": 2, "even": 2, "differences": 2, "means": 2, "created": 3, "prior": 2, "life": 2, "lack": 2, "scores": 2, "vampires": 2, "appearing": 2, "heard": 2, "read": 2, "several": 2, "used": 5, "course": 2, "however": 2, "feel": 4, "tricks": 4, "emphasize": 2, "happening": 2, "scene": 2, "need": 2, "director": 2, "use": 2, "new": 2, "prefer": 2, "appropriately": 2, "case": 2, "film": 2, "recommend": 2}