{"went": 2, "see": 2, "movie": 5, "always": 2, "liked": 3, "kevin": 2, "costner": 2, "felt": 2, "ashton": 2, "great": 3, "job": 2, "butterfly": 2, "effect": 3, "unfortunately": 2, "even": 2, "though": 3, "two": 2, "actors": 2, "capable": 2, "good": 3, "acting": 2, "moments": 2, "missing": 2, "scenes": 2, "believable": 2, "enough": 2, "story": 2, "line": 2, "claims": 2, "influence": 2, "hurricane": 2, "katrina": 2, "aftermath": 2, "little": 4, "none": 2, "overall": 2, "fact": 2, "brought": 2, "forward": 2, "goes": 2, "saving": 2, "lives": 2, "water": 2, "special": 2, "effects": 2, "pretty": 2, "intimidating": 2, "sure": 2, "ever": 2, "go": 2, "deep": 2, "sea": 2, "fishing": 2, "expected": 2, "emotion": 2, "film": 2, "definitely": 2, "could": 2, "seen": 2, "dvd": 2}