{"work": 3, "movie": 6, "theater": 2, "every": 2, "thursday": 2, "night": 2, "employee": 2, "screening": 2, "one": 2, "comes": 2, "next": 2, "day": 2, "today": 2, "guardian": 2, "saw": 2, "trailers": 2, "ads": 2, "never": 2, "expected": 2, "much": 2, "way": 2, "really": 2, "anticipate": 2, "seeing": 3, "well": 2, "turns": 2, "lot": 2, "would": 2, "thought": 2, "great": 4, "story": 2, "first": 2, "ashton": 2, "kutcher": 3, "kevin": 2, "costner": 2, "amazing": 2, "acting": 3, "film": 2, "big": 2, "fan": 2, "show": 2, "always": 2, "found": 2, "hard": 2, "thinking": 2, "anyone": 2, "kelso": 2, "despite": 2, "butterfly": 2, "effect": 2, "think": 2, "might": 2, "able": 2, "finally": 2, "look": 2, "serious": 2, "also": 2, "tribute": 2, "unsung": 2, "heroes": 2, "coast": 2, "guard": 2}