{"like": 2, "circle": 2, "movie": 2, "leads": 2, "back": 2, "point": 3, "departure": 2, "image": 2, "cranes": 4, "crossing": 2, "muscovite": 2, "sky": 3, "represent": 2, "freedom": 2, "realize": 2, "life": 3, "wish": 2, "order": 4, "aspire": 2, "greatest": 2, "possible": 2, "beginning": 2, "veronica": 8, "boris": 7, "experience": 2, "promise": 2, "happiness": 2, "eyes": 3, "follow": 3, "path": 2, "exhilaration": 2, "seems": 2, "might": 2, "able": 2, "live": 3, "according": 3, "man": 2, "bird": 2, "draws": 2, "rules": 2, "human": 2, "escape": 2, "change": 2, "even": 3, "making": 2, "supreme": 2, "effort": 2, "war": 4, "breaks": 2, "without": 3, "much": 2, "hesitation": 2, "signs": 2, "front": 2, "fulfil": 2, "patriotic": 2, "duty": 2, "say": 2, "arrives": 2, "late": 2, "assembly": 2, "soldiers": 3, "sent": 2, "away": 3, "surrounded": 2, "jubilant": 2, "crowd": 3, "attempts": 2, "attract": 2, "attention": 2, "must": 2, "inevitably": 2, "eventually": 2, "gets": 2, "killed": 2, "learning": 2, "moment": 2, "brother": 2, "mark": 2, "vigorous": 2, "musician": 2, "obtained": 2, "exemption": 2, "military": 2, "service": 2, "corruption": 2, "eager": 2, "take": 2, "place": 3, "initially": 2, "resists": 2, "frightful": 2, "night": 2, "bombing": 2, "finally": 4, "falls": 2, "victim": 2, "charms": 2, "marriage": 2, "takes": 2, "never": 2, "accepted": 2, "soon": 2, "feelings": 2, "guilt": 2, "seize": 2, "hold": 2, "realizes": 2, "return": 2, "one": 4, "thing": 2, "actually": 2, "longs": 2, "therefore": 2, "eases": 2, "bad": 2, "conscience": 2, "despair": 2, "work": 2, "field": 2, "enthusiastic": 2, "people": 2, "gathers": 2, "cheer": 2, "victorious": 2, "among": 2, "forcing": 2, "way": 2, "wall": 2, "bodies": 2, "hand": 2, "carrying": 2, "bunch": 2, "flowers": 2, "give": 2, "complete": 2, "strangers": 2, "homecomers": 2, "dashed": 2, "hopes": 2, "confirming": 2, "sad": 2, "certainty": 2, "invade": 2, "drawing": 2, "wayward": 2, "lines": 2, "watching": 2, "look": 2, "different": 2, "accept": 2, "impossibility": 2, "preconceived": 2, "plans": 2, "guidelines": 2, "dreams": 2, "humans": 2, "nothing": 2, "helpless": 2, "puppets": 2, "hanging": 2, "inscrutable": 2, "strings": 2}