{"robert": 2, "mckimson": 4, "bunny": 7, "one": 2, "director": 2, "finest": 2, "shorts": 2, "although": 2, "setting": 3, "may": 2, "evoke": 2, "hideous": 2, "memories": 2, "dreadful": 2, "top": 2, "fact": 2, "nowhere": 2, "near": 2, "dull": 3, "travesty": 2, "pitting": 2, "bugs": 3, "ferocious": 2, "lion": 5, "fresh": 2, "funny": 3, "outset": 2, "mention": 2, "extremely": 2, "attractive": 2, "look": 2, "classic": 2, "scene": 2, "takes": 2, "strangled": 2, "elevator": 2, "ride": 2, "hole": 2, "emerge": 2, "directly": 2, "jaws": 2, "brilliant": 3, "disney": 2, "parody": 2, "hollers": 2, "pinocchio": 2, "throat": 2, "opening": 2, "sign": 2, "things": 2, "come": 2, "expertly": 2, "choreographed": 2, "antics": 2, "around": 2, "cage": 2, "begin": 2, "followed": 2, "hilariously": 2, "grotesque": 2, "irritating": 2, "rendition": 2, "clown": 2, "laugh": 2, "child": 2, "used": 2, "impersonate": 2, "regularly": 2, "culminates": 2, "short": 3, "acrobatic": 2, "sequence": 2, "gives": 2, "cartoon": 2, "name": 2, "never": 2, "fond": 2, "circus": 2, "cartoons": 2, "find": 2, "usually": 2, "makes": 2, "predictable": 2, "set": 2, "gags": 2, "breaks": 2, "mould": 2, "result": 2, "exhilaratingly": 2, "stands": 2, "amongst": 2, "best": 2}