{"fantastic": 2, "film": 5, "acting": 4, "best": 2, "seen": 2, "tatyana": 2, "samojlova": 2, "obviously": 2, "beautiful": 2, "automatically": 2, "draws": 2, "believable": 2, "cinematography": 4, "extremely": 2, "ahead": 2, "time": 2, "watching": 2, "could": 2, "see": 5, "parallels": 2, "used": 2, "today": 2, "truly": 2, "groundbreaking": 2, "audience": 2, "feel": 2, "change": 2, "tone": 3, "beginning": 2, "end": 2, "environment": 2, "movie": 2, "changes": 2, "touching": 2, "powerful": 2, "piece": 2, "friend": 2, "told": 2, "must": 2, "definitely": 2, "agree": 2, "one": 2, "films": 2, "watch": 2, "never": 2, "forget": 2, "everyone": 3, "intensely": 2, "moving": 2, "put": 2, "movies": 2, "whatever": 2, "list": 2}