{"watched": 2, "dresser": 7, "evening": 2, "seen": 2, "dozen": 2, "years": 3, "big": 3, "movie": 4, "try": 2, "make": 2, "splash": 2, "god": 2, "brilliance": 2, "two": 3, "leads": 2, "leaves": 2, "speechless": 2, "albert": 2, "finney": 6, "tom": 2, "courtenay": 6, "nothing": 4, "less": 3, "amazing": 2, "story": 2, "sir": 7, "aging": 2, "shakespearean": 2, "actor": 4, "norman": 5, "sort": 2, "valet": 3, "putting": 2, "production": 2, "king": 2, "lear": 3, "blitz": 2, "london": 2, "world": 2, "war": 2, "ii": 2, "men": 2, "dependent": 2, "upon": 2, "almost": 2, "helpless": 2, "without": 3, "aid": 2, "cajole": 2, "wheedle": 2, "bully": 2, "getting": 2, "onstage": 2, "performance": 2, "lives": 2, "life": 3, "vicariously": 2, "need": 2, "thinks": 2, "film": 2, "plot": 2, "secondary": 2, "interaction": 2, "characters": 2, "requires": 2, "actors": 3, "highest": 2, "caliber": 2, "bring": 2, "old": 6, "completely": 3, "believable": 2, "sick": 2, "petulant": 2, "bullying": 2, "brilliant": 2, "stage": 3, "hisses": 2, "fumes": 2, "fellow": 2, "even": 2, "taking": 2, "bows": 2, "convincing": 2, "mincing": 2, "must": 2, "sometimes": 2, "act": 3, "mother": 2, "elderly": 2, "employer": 4, "really": 2, "wrong": 2, "term": 2, "use": 2, "though": 2, "although": 3, "technically": 2, "relationship": 2, "employee": 2, "time": 2, "like": 2, "much": 2, "married": 2, "yes": 2, "others": 2, "cast": 2, "question": 2, "true": 2, "stars": 2, "marvelous": 2, "script": 2, "ronald": 2, "harwood": 2, "say": 2, "fine": 2, "performances": 2, "notably": 2, "eileen": 2, "atkins": 2, "manager": 2, "madge": 3, "wonderful": 2, "scene": 2, "talk": 2, "desires": 2, "regrets": 2, "might": 2, "get": 2, "talked": 2, "days": 2, "worth": 2, "remembering": 2, "nominated": 2, "five": 2, "academy": 2, "awards": 2, "best": 5, "nominations": 2, "picture": 2, "director": 2, "peter": 2, "yates": 2, "adapted": 2, "remembered": 2, "good": 2, "prepared": 2, "mesmerized": 2, "beginning": 2, "end": 2, "want": 2, "see": 3, "example": 2, "great": 2, "acting": 2, "hugely": 2, "entertained": 2, "encourage": 2}