{"easily": 2, "one": 3, "best": 3, "indian": 4, "films": 3, "ever": 2, "granted": 2, "saying": 2, "much": 2, "made": 2, "conclusion": 2, "whopping": 2, "minutes": 2, "watching": 2, "truly": 2, "say": 2, "fire": 7, "also": 3, "really": 2, "beautiful": 3, "brilliant": 3, "imagery": 2, "example": 3, "give": 2, "parallelism": 2, "female": 2, "leads": 2, "radha": 2, "sita": 4, "characters": 2, "name": 2, "hindu": 2, "mythology": 2, "wife": 3, "revered": 2, "lord": 2, "ram": 3, "legend": 2, "goes": 2, "subjugates": 2, "making": 2, "walk": 2, "prove": 2, "purity": 2, "response": 2, "cries": 2, "leaves": 2, "reuniting": 2, "mother": 2, "earth": 2, "story": 2, "sort": 2, "crazy": 2, "links": 2, "stories": 2, "women": 2, "nandita": 2, "das": 2, "shabana": 2, "azmi": 2, "word": 2, "sudden": 2, "many": 3, "meanings": 2, "marriage": 2, "tradition": 4, "religion": 2, "motherhood": 2, "probably": 2, "others": 2, "social": 3, "overtones": 2, "offended": 2, "premise": 2, "movie": 2, "fact": 2, "first": 2, "see": 2, "mom": 2, "actually": 2, "loved": 2, "although": 2, "attack": 3, "words": 2, "strength": 2, "weakness": 2, "traditional": 2, "conservative": 2, "mores": 2, "whether": 2, "canadian": 2, "american": 2, "whatever": 2, "useless": 2, "enslave": 2, "gender": 2, "roles": 2, "things": 2, "took": 2, "seeing": 2, "hats": 2, "deepa": 2, "mehta": 2}