{"excellent": 2, "movie": 6, "deal": 3, "child": 2, "raising": 2, "fae": 2, "watching": 2, "word": 2, "explain": 2, "also": 4, "purchased": 2, "book": 2, "great": 2, "would": 5, "like": 4, "copy": 5, "use": 3, "son": 3, "teachers": 2, "watch": 2, "know": 2, "anyone": 3, "could": 3, "sell": 2, "let": 2, "time": 2, "refer": 2, "someone": 2, "purchase": 2, "thank": 3, "myra": 2, "recommend": 2, "special": 3, "ability": 2, "shown": 2, "tv": 2, "team": 2, "doctor": 2, "tracking": 2, "ed": 2, "teacher": 2, "asked": 2, "try": 2, "locate": 2}