{"fantastically": 2, "written": 2, "acted": 2, "produced": 2, "loved": 2, "seeing": 2, "gleaming": 2, "talented": 2, "cast": 2, "every": 2, "single": 2, "one": 2, "give": 2, "great": 4, "performance": 2, "movie": 3, "thoroughly": 2, "warmed": 2, "cockles": 2, "heart": 2, "storytelling": 2, "black": 2, "history": 3, "month": 2, "full": 2, "accurate": 2, "portrayal": 2, "recent": 2, "real": 2, "characters": 2, "weathered": 2, "incredible": 2, "pain": 2, "dignity": 2, "belief": 2, "better": 2, "future": 2, "easy": 2, "see": 2, "diverse": 2, "adults": 2, "affected": 2, "child": 3, "contributed": 2, "fertile": 2, "imagination": 2, "would": 2, "eventually": 2, "fuel": 2, "talent": 2, "adulthood": 2, "next": 2, "time": 2, "company": 2, "listening": 2, "observing": 2, "remember": 2, "show": 2, "may": 2}