{"first": 2, "deepa": 2, "mehta": 6, "film": 10, "saw": 2, "tv": 2, "hindi": 2, "version": 2, "sita": 2, "character": 2, "presented": 2, "nita": 2, "also": 2, "note": 2, "radha": 3, "underwent": 2, "allegorical": 2, "trial": 2, "fire": 2, "yet": 3, "loved": 2, "screenplay": 3, "ms": 8, "direction": 2, "characters": 2, "big": 2, "small": 2, "seemed": 2, "quixotic": 2, "towards": 2, "end": 3, "somewhat": 2, "like": 2, "mazursky": 2, "unmarried": 2, "woman": 2, "brave": 2, "women": 2, "surrounded": 3, "cardboard": 3, "men": 2, "one": 2, "man": 2, "ashok": 2, "seems": 4, "come": 2, "alive": 2, "last": 2, "shot": 2, "see": 2, "invalid": 2, "mother": 3, "biji": 2, "finally": 2, "take": 2, "future": 3, "responsibility": 2, "beyond": 3, "celibacy": 2, "adherance": 2, "religion": 2, "fumble": 2, "director": 2, "however": 2, "compared": 2, "indian": 3, "mainstream": 2, "cinema": 3, "would": 2, "seem": 3, "brilliant": 2, "use": 2, "script": 2, "go": 2, "microscopic": 2, "joint": 2, "family": 2, "presenting": 3, "except": 2, "glimpse": 2, "chinese": 2, "social": 3, "milieu": 2, "india": 3, "even": 2, "dedicates": 2, "daughter": 2, "father": 2, "reminesces": 2, "halcyon": 2, "days": 2, "parents": 2, "mustard": 2, "field": 2, "compare": 2, "mrinal": 3, "sen": 3, "adoor": 2, "gopalakrishnan": 2, "muzaffar": 2, "ali": 2, "dwarfed": 2, "giants": 2, "given": 2, "competent": 2, "canadian": 2, "production": 2, "team": 2, "financial": 2, "resources": 2, "two": 2, "bisexual": 2, "ladies": 2, "household": 2, "may": 2, "sacrilege": 2, "merely": 2, "captures": 2, "atrophy": 2, "homes": 2, "aspire": 2, "something": 2, "better": 2, "immediate": 2, "survival": 2, "limited": 2, "space": 2, "kannada": 2, "malayalam": 2, "bengali": 2, "films": 2, "touched": 2, "parallel": 2, "themes": 2, "publicity": 2, "therefore": 2, "seen": 2, "wide": 2, "segment": 2, "knowledgeable": 2, "das": 3, "azmi": 3, "mr": 3, "jafri": 2, "kharbanda": 2, "credible": 2, "outstanding": 2, "talented": 2, "actress": 2, "gave": 2, "superb": 2, "performances": 2, "good": 2, "directors": 2, "khandar": 2, "gautam": 2, "ghose": 2, "paar": 2, "benegal": 2, "ankur": 2, "brilliance": 2, "notably": 2, "absent": 2, "sparkled": 2, "due": 2, "screen": 2, "presence": 2, "rather": 2, "acting": 2, "capability": 2, "strength": 2, "remains": 2, "structure": 2, "average": 2, "terms": 2, "international": 2, "sure": 2, "hone": 2, "writing": 2, "talents": 2, "screenplays": 2}