{"know": 5, "little": 3, "nothing": 3, "astronomy": 2, "nevertheless": 2, "first": 3, "sceptical": 2, "plot": 5, "movie": 3, "follows": 2, "three": 2, "children": 2, "born": 2, "solar": 3, "eclipse": 3, "emotion": 3, "thus": 2, "naturally": 2, "become": 3, "ruthless": 2, "serial": 2, "killers": 2, "sound": 2, "ridiculous": 3, "realise": 2, "blocks": 2, "saturn": 3, "planet": 2, "falls": 2, "place": 2, "makes": 3, "complete": 2, "sense": 2, "simply": 3, "watching": 3, "another": 3, "silly": 3, "slasher": 3, "pea": 2, "brain": 2, "thank": 2, "god": 2, "seriously": 2, "though": 2, "bloody": 3, "birthday": 3, "based": 2, "premise": 2, "originality": 2, "bunch": 2, "kids": 3, "going": 3, "round": 2, "slaughtering": 2, "people": 3, "may": 2, "ingenious": 2, "masterstroke": 2, "ever": 2, "seen": 2, "cinema": 2, "given": 2, "choice": 2, "dull": 2, "friday": 2, "clone": 2, "also": 2, "helping": 2, "film": 5, "hole": 2, "would": 2, "think": 2, "dug": 2, "fact": 2, "extremely": 2, "entertaining": 2, "many": 2, "slashers": 2, "formulaic": 2, "far": 2, "quickly": 2, "audience": 2, "ends": 2, "see": 2, "gore": 2, "however": 2, "keeps": 2, "great": 2, "creepy": 3, "performances": 2, "harks": 2, "back": 2, "kid": 2, "classics": 2, "village": 2, "damned": 2, "constant": 2, "stream": 2, "sick": 2, "humour": 2, "small": 2, "impressive": 2, "type": 2, "dose": 2, "suspense": 2, "tension": 2, "one": 2, "thing": 2, "liked": 2, "lot": 2, "vast": 2, "array": 2, "weaponry": 2, "worse": 2, "killer": 2, "uses": 2, "weapon": 2, "cough": 3, "halloween": 2, "case": 2, "finds": 2, "room": 3, "everything": 2, "skipping": 2, "ropes": 2, "bow": 2, "arrows": 2, "chainsaw": 3, "huge": 2, "shame": 2, "suppose": 2, "every": 2}