{"film": 4, "powerfully": 2, "demonstrates": 2, "struggle": 2, "two": 2, "women": 2, "love": 2, "culture": 2, "deeply": 2, "entrenched": 2, "ritual": 2, "tradition": 2, "backdrop": 2, "india": 3, "struggling": 2, "freedom": 2, "values": 2, "political": 2, "personal": 2, "never": 2, "preachy": 2, "idealistic": 2, "either": 2, "front": 2, "easy": 2, "see": 2, "fire": 2, "caused": 2, "riots": 2, "tragic": 2, "nonetheless": 2, "true": 2, "one": 2, "deserves": 2, "seen": 2, "people": 2, "world": 2, "privileged": 2, "westerners": 2}