{"love": 3, "park": 5, "know": 2, "expect": 2, "films": 3, "brutal": 3, "poetic": 2, "tragic": 2, "artistic": 2, "splashes": 2, "grim": 2, "humor": 2, "thirst": 3, "clearly": 2, "style": 2, "loved": 2, "every": 3, "second": 2, "cinematography": 2, "shot": 2, "gorgeous": 2, "creative": 2, "story": 2, "blends": 2, "shakespearean": 2, "tragedy": 2, "murderous": 2, "gothic": 2, "horror": 2, "layered": 2, "character": 3, "drama": 2, "characters": 2, "complex": 2, "plenty": 2, "moral": 2, "ambiguity": 2, "go": 3, "around": 2, "even": 2, "sociopathic": 2, "evokes": 2, "sympathy": 4, "direction": 2, "restrained": 2, "performances": 2, "nuanced": 2, "like": 4, "vengeance": 5, "many": 2, "subtleties": 2, "take": 2, "first": 2, "viewing": 2, "intelligent": 2, "bold": 2, "consistently": 2, "surprising": 2, "filmmaker": 2, "unpredictable": 2, "scenes": 2, "hilarious": 2, "instant": 2, "closer": 2, "lady": 3, "far": 2, "comical": 2, "incredibly": 2, "rich": 2, "beautifully": 2, "told": 2, "vampire": 2, "stories": 2, "let": 2, "right": 2, "one": 3, "fan": 2, "seeing": 2, "obvious": 2, "easily": 2, "best": 2}