{"absolute": 3, "classic": 2, "scare": 2, "flix": 2, "one": 6, "like": 3, "pits": 2, "psychotic": 2, "youngsters": 2, "urge": 2, "kill": 3, "town": 2, "bud": 2, "guys": 2, "gold": 2, "plays": 2, "paired": 2, "little": 3, "girls": 2, "jake": 2, "blues": 3, "tries": 2, "purchase": 2, "brothers": 2, "third": 2, "blond": 2, "boy": 2, "keeps": 2, "disappearing": 2, "movie": 5, "whatever": 2, "reason": 2, "violence": 2, "hilarious": 2, "times": 3, "also": 2, "surprisingly": 2, "gruesome": 2, "spots": 2, "demonic": 2, "gang": 2, "smiling": 2, "kids": 2, "though": 2, "somehow": 2, "possessed": 2, "means": 2, "bear": 2, "resemblance": 2, "children": 2, "damned": 2, "never": 2, "thought": 2, "use": 2, "pistols": 2, "crossbows": 2, "shovels": 2, "pesky": 2, "adults": 2, "julie": 3, "brown": 2, "downtown": 2, "shows": 2, "rack": 2, "three": 2, "dances": 2, "around": 2, "bedroom": 2, "rarity": 2, "believe": 2, "missed": 2, "growing": 2, "would": 2, "favorite": 2, "kid": 2, "seen": 2, "sequel": 2, "ending": 2, "begs": 2, "incredible": 2, "seek": 2, "costs": 2}