{"seen": 2, "walt": 2, "disney": 2, "skeleton": 3, "dance": 2, "saturday": 2, "morning": 2, "blog": 2, "linked": 2, "youtube": 2, "used": 3, "sources": 2, "watch": 2, "remake": 2, "done": 2, "technicolor": 2, "columbia": 2, "cartoon": 2, "unit": 2, "animated": 2, "iwerks": 2, "colors": 2, "compared": 2, "earlier": 3, "black": 2, "white": 2, "really": 2, "imaginatively": 2, "many": 2, "new": 2, "one": 5, "skeletal": 2, "band": 2, "players": 2, "hits": 2, "wrong": 2, "note": 2, "constantly": 2, "loses": 2, "head": 2, "takes": 2, "another": 2, "dances": 2, "part": 2, "funny": 2, "previous": 2, "short": 2, "get": 2, "little": 2, "repetitious": 2, "near": 2, "end": 2, "still": 2, "frolics": 2, "well": 2, "worth": 2, "seeing": 2, "animation": 2, "buff": 2, "wants": 2, "compare": 2, "silly": 2, "symphony": 2}