{"thirst": 2, "found": 2, "film": 6, "beautifully": 2, "crafted": 2, "cinematography": 2, "well": 3, "excellent": 2, "though": 2, "almost": 2, "frame": 2, "could": 2, "frozen": 2, "would": 3, "exquisite": 2, "photograph": 2, "use": 2, "color": 2, "stands": 2, "many": 2, "instances": 2, "camera": 2, "gliding": 2, "scene": 2, "work": 2, "park": 2, "chan": 2, "wook": 2, "direction": 2, "fantastic": 2, "believing": 2, "unwaveringly": 2, "fetched": 2, "universe": 2, "several": 2, "touches": 2, "verbal": 2, "visual": 3, "humor": 3, "dark": 3, "nature": 2, "added": 2, "another": 2, "depth": 2, "picture": 2, "acting": 2, "call": 2, "outstanding": 2, "suited": 2, "worked": 2, "place": 2, "lacked": 2, "story": 3, "times": 2, "lie": 2, "goings": 2, "characters": 2, "make": 2, "sense": 2, "sometimes": 2, "flow": 2, "clunky": 2, "overall": 2, "disappointed": 2, "subdued": 2, "narrative": 2, "felt": 2, "ran": 2, "little": 2, "still": 2, "recommend": 2, "vision": 2, "flourish": 2, "end": 2, "day": 2, "interesting": 2, "even": 2, "imperfect": 2}