{"yardstick": 2, "measuring": 2, "movie": 5, "get": 2, "squirmy": 2, "start": 2, "shifting": 2, "positions": 2, "noticing": 2, "butt": 2, "sore": 2, "film": 6, "long": 2, "even": 2, "come": 2, "close": 2, "boring": 2, "predictable": 2, "parts": 3, "sure": 2, "never": 4, "military": 2, "branches": 2, "love": 2, "notes": 2, "written": 2, "seen": 3, "recruitment": 2, "levels": 2, "go": 3, "coast": 2, "guard": 2, "definitely": 2, "day": 2, "boat": 2, "sinks": 2, "enjoyable": 2, "fun": 2, "kevin": 3, "costner": 4, "perfect": 2, "aging": 2, "macho": 2, "man": 2, "know": 3, "quit": 2, "however": 2, "impressed": 2, "ashton": 2, "kutcher": 2, "performance": 2, "liked": 2, "watched": 2, "tv": 2, "shows": 2, "always": 2, "considered": 2, "immature": 2, "well": 4, "punk": 2, "great": 2, "job": 2, "way": 3, "status": 2, "think": 2, "shown": 2, "must": 2, "advance": 2, "rough": 2, "cut": 2, "something": 2, "stock": 2, "turned": 2, "grainy": 2, "sound": 2, "level": 2, "dropped": 2, "microphones": 2, "dropping": 2, "place": 2, "also": 2, "viewing": 2, "representatives": 2, "looking": 2, "audience": 2, "feedback": 3, "particularly": 2, "possible": 2, "spoiler": 2, "gave": 2, "concerned": 2, "couple": 2, "lines": 2, "beginning": 2, "comes": 2, "home": 2, "see": 2, "wife": 2, "sela": 2, "ward": 2, "packing": 2, "stuff": 2, "moving": 2, "says": 2, "maybe": 2, "one": 4, "move": 2, "replies": 2, "anything": 2, "house": 2, "make": 2, "sense": 2, "knows": 2, "layout": 2, "right": 2, "leave": 2}