{"korean": 2, "movies": 6, "seen": 3, "three": 2, "really": 2, "stuck": 2, "first": 2, "excellent": 2, "horror": 3, "tale": 2, "two": 3, "sisters": 2, "second": 2, "third": 2, "fourth": 2, "park": 4, "chan": 2, "wook": 2, "namely": 2, "oldboy": 2, "sympathy": 2, "lady": 2, "vengeance": 2, "thirst": 3, "kinda": 2, "reminds": 2, "quentin": 2, "tarantino": 2, "irreverence": 2, "towards": 2, "convention": 2, "shocking": 2, "gratuitous": 2, "sense": 2, "like": 3, "shows": 2, "us": 2, "expect": 2, "see": 2, "typically": 2, "situations": 3, "go": 2, "radically": 2, "society": 2, "morals": 2, "incest": 2, "libidinous": 2, "yet": 4, "devout": 2, "priest": 3, "also": 2, "quite": 2, "regards": 2, "cinematography": 2, "among": 2, "gorgeous": 2, "said": 2, "repressed": 2, "woman": 2, "falls": 2, "drama": 2, "even": 2, "comedy": 2, "disarms": 2, "audience": 2, "many": 2, "inappropriate": 2, "humorous": 2, "might": 2, "best": 2, "work": 2, "since": 2, "lacking": 2, "humor": 2, "element": 2, "would": 2, "made": 2, "palatable": 2, "repeat": 2, "viewings": 2}