{"movie": 4, "laugh": 2, "cry": 2, "wish": 2, "compelling": 2, "draws": 2, "holds": 2, "tight": 2, "casting": 2, "perfect": 2, "characters": 2, "purposeful": 2, "performances": 2, "outstanding": 2, "nanny": 5, "standard": 2, "women": 2, "hold": 2, "strong": 2, "forgiving": 2, "protective": 2, "never": 2, "judgmental": 2, "epitome": 2, "christian": 2, "mother": 2, "woman": 3, "true": 2, "pillar": 2, "community": 2, "half": 2, "might": 2, "consider": 2, "okay": 2, "would": 2, "devastated": 2, "died": 2, "point": 2, "since": 2, "definitely": 2, "buy": 2, "comes": 2, "dvd": 2, "hope": 2, "story": 2, "continues": 2, "ruben": 2, "goes": 2, "back": 2, "lackawanna": 2, "try": 2, "rebuild": 2, "town": 2, "piece": 3, "person": 3}