{"looking": 2, "forward": 2, "guardian": 5, "walked": 2, "theater": 2, "really": 4, "mood": 2, "particular": 2, "time": 2, "kind": 2, "like": 5, "olive": 2, "garden": 2, "right": 2, "mindset": 2, "thoroughly": 2, "enjoy": 3, "exactly": 2, "sure": 2, "dampening": 2, "spirit": 2, "trailers": 2, "looked": 2, "good": 3, "water": 3, "theme": 2, "giving": 2, "bad": 4, "flashbacks": 2, "last": 2, "kevin": 2, "costner": 4, "movie": 4, "dealt": 2, "subject": 2, "waterworld": 2, "plus": 2, "despite": 2, "promise": 2, "ashton": 3, "kutcher": 3, "showed": 2, "butterfly": 2, "effect": 2, "still": 2, "completely": 2, "sold": 2, "something": 2, "guy": 3, "annoys": 2, "probably": 2, "simian": 2, "took": 2, "approximately": 2, "two": 2, "minutes": 2, "fears": 2, "subside": 2, "hesitancies": 2, "slip": 2, "away": 3, "immediately": 2, "throws": 2, "us": 3, "midst": 2, "tense": 3, "rescue": 6, "mission": 3, "gripped": 2, "tighter": 2, "kenny": 2, "rogers": 2, "orange": 2, "face": 2, "lift": 2, "concerns": 2, "briefly": 2, "bristled": 2, "initial": 2, "appearance": 2, "due": 2, "fact": 2, "much": 3, "effort": 2, "made": 2, "paint": 2, "ridiculously": 2, "cool": 2, "rebellious": 2, "sunglasses": 2, "tough": 4, "toothpick": 2, "mouth": 2, "sportin": 2, "smirk": 2, "make": 4, "george": 2, "clooney": 2, "proud": 2, "yeah": 2, "get": 3, "totally": 2, "ready": 2, "hate": 2, "go": 4, "deliver": 2, "fairly": 2, "strong": 2, "performance": 2, "force": 2, "soften": 2, "jabs": 2, "darn": 2, "ape": 2, "man": 3, "efficiently": 2, "mixing": 2, "exciting": 2, "scenes": 2, "drama": 2, "humor": 2, "solid": 2, "acting": 2, "easily": 2, "film": 3, "dare": 2, "say": 2, "majority": 2, "audiences": 3, "quibble": 2, "predictability": 2, "rare": 3, "moments": 2, "overcooked": 2, "sappiness": 2, "none": 2, "takes": 3, "entertainment": 2, "feeling": 2, "pace": 2, "would": 4, "slow": 2, "started": 2, "training": 3, "young": 2, "guys": 3, "contrary": 2, "sessions": 2, "might": 3, "interesting": 2, "aspect": 2, "coast": 2, "guard": 2, "swimmers": 2, "heroes": 2, "whose": 2, "stories": 2, "never": 2, "portrayed": 2, "big": 2, "screen": 2, "feel": 2, "inside": 3, "look": 3, "informative": 2, "great": 3, "way": 2, "introduce": 2, "swimmer": 2, "think": 2, "dangerous": 2, "missions": 2, "cold": 2, "dark": 2, "rough": 2, "must": 2, "fight": 2, "disorientation": 2, "exhaustion": 2, "hypothermia": 2, "lack": 2, "oxygen": 2, "trying": 2, "help": 2, "stranded": 2, "panicked": 2, "people": 2, "depending": 2, "survival": 2, "enough": 2, "sometimes": 2, "ca": 2, "save": 2, "everybody": 2, "decision": 2, "lives": 2, "wants": 2, "responsibility": 2, "idea": 2, "thought": 2, "thank": 2, "education": 2, "job": 3, "paying": 3, "tribute": 2, "breed": 2, "hero": 2, "lucky": 2, "also": 2, "entertaining": 2, "gist": 2, "moviegoers": 2, "wanting": 2, "embark": 2, "daring": 2, "middle": 2, "ocean": 2, "want": 2, "give": 2, "chance": 2, "saw": 2, "free": 2, "paid": 2, "felt": 2, "gotten": 2, "money": 2, "worth": 2}