{"three": 3, "children": 4, "born": 2, "solar": 2, "eclipse": 2, "ten": 2, "years": 2, "later": 2, "somehow": 2, "caused": 2, "grow": 2, "without": 3, "consciences": 2, "simultaneous": 2, "tenth": 2, "birthday": 4, "celebrations": 2, "approach": 2, "become": 2, "cunning": 2, "calculating": 2, "murderers": 2, "local": 2, "teen": 2, "joyce": 2, "russel": 2, "lori": 2, "lethin": 2, "finds": 2, "confronting": 2, "little": 4, "terrors": 2, "others": 2, "falling": 2, "angelic": 2, "hearkening": 2, "back": 3, "films": 3, "like": 3, "bad": 2, "seed": 2, "village": 2, "damned": 3, "premise": 2, "evil": 2, "may": 2, "wholly": 2, "original": 3, "still": 2, "pretty": 2, "disturbing": 2, "child": 2, "actors": 3, "elizabeth": 2, "hoy": 2, "billy": 2, "jacoby": 2, "andy": 2, "freeman": 2, "chillingly": 2, "convincing": 2, "director": 2, "ed": 2, "hunt": 2, "barry": 2, "pearson": 2, "maintain": 2, "unpleasant": 2, "yet": 2, "compelling": 2, "mood": 2, "duration": 2, "film": 3, "go": 2, "far": 2, "girl": 2, "charge": 2, "admission": 2, "unwilling": 2, "peep": 2, "show": 2, "involving": 2, "older": 2, "sister": 2, "future": 2, "comedienne": 2, "mtv": 2, "personality": 2, "julie": 2, "brown": 2, "whose": 2, "striptease": 2, "real": 2, "eyeful": 2, "name": 2, "susan": 2, "strasberg": 2, "icy": 2, "teacher": 2, "jose": 2, "ferrer": 2, "barely": 2, "screen": 2, "time": 2, "doctor": 2, "add": 2, "proceedings": 2, "presence": 2, "martel": 2, "one": 2, "youngsters": 2, "amityville": 2, "horror": 2, "likable": 2, "joyces": 2, "kid": 2, "brother": 2, "familiar": 2, "faces": 2, "ellen": 2, "geer": 2, "michael": 2, "dudikoff": 2, "cyril": 2, "porky": 2, "dance": 2, "joe": 2, "penny": 2, "fatman": 2, "william": 2, "boyett": 2, "hidden": 2, "seen": 2, "touching": 2, "upon": 2, "parental": 2, "fears": 2, "playing": 2, "guns": 2, "discovered": 2, "locked": 2, "inside": 2, "old": 2, "refrigerators": 2, "bloody": 3, "slasher": 2, "variation": 2, "kids": 2, "antagonists": 2, "aided": 2, "abetted": 2, "arlon": 2, "obers": 2, "music": 2, "score": 2, "sticks": 2, "memory": 2, "brethren": 2, "lots": 2, "gore": 2, "fall": 2, "although": 2, "arrow": 2, "eye": 2, "gag": 2, "works": 2, "quite": 2, "well": 2, "bleak": 2, "nasty": 2, "downbeat": 2, "worth": 2, "look": 2}