{"means": 2, "take": 2, "read": 2, "precisely": 2, "felt": 2, "like": 2, "seen": 2, "marvelous": 2, "von": 2, "ancken": 2, "stimulates": 2, "inspires": 2, "breathtaking": 2, "superbly": 2, "executed": 2, "adaptation": 2, "tobias": 2, "wolff": 2, "new": 2, "yorker": 2, "article": 2, "name": 2, "incredible": 2, "performance": 2, "tom": 2, "noonan": 2, "brilliant": 2, "provocative": 2, "editing": 2, "sound": 2, "design": 2, "cinematography": 2, "directing": 2, "truly": 2, "inspired": 2, "nuanced": 2, "changes": 2, "embellishments": 2, "original": 2, "story": 2, "subtle": 2, "clever": 2, "make": 2, "film": 2, "cinematically": 2, "dynamic": 2, "lyrical": 2, "pacing": 2, "mesmerizing": 2, "begs": 2, "watch": 3, "young": 2, "director": 2, "going": 2, "places": 2}