{"words": 2, "describe": 2, "beauty": 2, "cranes": 3, "flying": 3, "try": 2, "anyway": 2, "write": 2, "powerful": 2, "delicate": 2, "love": 2, "story": 3, "takes": 3, "place": 3, "second": 3, "world": 3, "war": 5, "classic": 2, "lovers": 2, "boris": 4, "veronika": 4, "separated": 2, "comes": 2, "film": 8, "images": 3, "gorgeous": 2, "carried": 2, "away": 2, "technique": 3, "perfect": 3, "unison": 2, "scenes": 2, "portray": 2, "directly": 2, "bombing": 2, "wind": 2, "lightnings": 2, "explosions": 2, "important": 2, "consequences": 2, "life": 2, "main": 2, "protagonist": 2, "waits": 2, "return": 2, "another": 3, "scene": 3, "front": 2, "confronted": 2, "hurricane": 2, "showing": 2, "played": 2, "mind": 2, "works": 2, "leitmotif": 2, "provides": 2, "title": 2, "sky": 2, "image": 2, "stands": 2, "symbol": 2, "nature": 2, "seasons": 2, "underlines": 2, "final": 2, "message": 3, "give": 2, "hope": 2, "fight": 2, "better": 2, "kalatozov": 2, "great": 3, "director": 2, "visually": 2, "stunning": 2, "also": 2, "touched": 2, "deeply": 2, "pure": 2, "tatyana": 2, "samojlova": 2, "say": 2, "transcends": 2, "time": 2, "made": 2, "action": 2, "could": 2, "happened": 2, "anytime": 2, "anywhere": 2, "long": 2, "wars": 2, "small": 2, "remain": 2, "relevant": 2}