{"pun": 2, "intended": 2, "going": 2, "spoil": 2, "anything": 2, "story": 2, "safe": 2, "assume": 2, "already": 2, "know": 3, "kind": 2, "character": 2, "main": 2, "actor": 2, "portrays": 2, "course": 2, "priest": 2, "naughty": 2, "exaggerates": 2, "plus": 2, "erotic": 2, "movie": 3, "park": 2, "chan": 2, "wook": 3, "seen": 2, "previous": 2, "visual": 2, "good": 3, "way": 2, "shows": 2, "strays": 2, "away": 2, "vengeance": 2, "theme": 2, "prior": 2, "movies": 2, "surface": 2, "still": 2, "quite": 3, "heat": 2, "hidden": 2, "underneath": 2, "boils": 2, "bad": 2, "things": 2, "start": 2, "happen": 2, "dark": 2, "also": 2, "moments": 2, "light": 2, "fun": 2, "stylistic": 2, "though": 2, "provoking": 2, "lives": 2, "outside": 2, "mainstream": 2, "job": 2}