{"great": 2, "movie": 3, "something": 2, "black": 2, "history": 2, "month": 2, "reminder": 2, "goodness": 2, "people": 2, "statement": 2, "truly": 3, "take": 3, "village": 2, "raise": 2, "child": 2, "performances": 2, "eptath": 2, "outstanding": 2, "mos": 2, "def": 2, "singing": 2, "hook": 2, "double": 2, "saw": 2, "rosie": 2, "perez": 2, "supporting": 2, "cast": 2, "actors": 2, "actresses": 2, "made": 2, "worth": 2, "watching": 2, "different": 2, "stories": 2, "amazing": 2, "nanny": 2, "protected": 2, "jr": 2, "literally": 2, "everyone": 3, "else": 2, "presence": 2, "understand": 2, "matriarch": 2, "time": 2, "period": 2, "even": 2, "tired": 2, "helping": 2, "cant": 2, "wait": 2, "come": 2, "dvd": 2, "would": 2, "welcome": 2, "addition": 2, "library": 2}