{"worth": 2, "mentioning": 2, "omitted": 2, "reviews": 2, "read": 3, "subtext": 3, "law": 3, "shaped": 2, "lives": 2, "behaviour": 2, "gays": 2, "era": 2, "portrayed": 2, "film": 7, "courtenay": 6, "character": 5, "evidently": 2, "gay": 2, "one": 2, "often": 2, "talked": 2, "reason": 3, "never": 2, "seen": 2, "alluded": 2, "disappeared": 2, "seems": 2, "detained": 2, "police": 2, "homosexual": 2, "activity": 2, "criminal": 2, "offense": 2, "england": 2, "surface": 2, "recent": 2, "event": 2, "unsettled": 2, "norman": 2, "also": 3, "see": 2, "passing": 2, "remark": 2, "oxenby": 2, "edward": 2, "fox": 2, "quick": 2, "renunciation": 2, "connection": 2, "person": 2, "involved": 2, "fear": 4, "association": 2, "affects": 2, "many": 2, "characters": 2, "part": 2, "portrait": 3, "paints": 2, "time": 3, "people": 2, "inhabit": 2, "abandonment": 2, "end": 2, "sir": 3, "anticipated": 2, "way": 2, "included": 2, "makes": 5, "sense": 2, "otherwise": 3, "inexplicable": 2, "omission": 2, "dresser": 2, "list": 2, "gives": 2, "thanks": 2, "flamboyance": 2, "combined": 2, "exposure": 2, "produces": 2, "combination": 2, "yearning": 2, "footlights": 2, "announcement": 2, "imminent": 2, "air": 2, "raids": 2, "scene": 2, "would": 3, "gratuitous": 2, "symbolic": 2, "literal": 2, "depiction": 2, "man": 2, "inner": 2, "drama": 2, "decline": 2, "finney": 2, "great": 2, "deal": 2, "tragedy": 2, "play": 2, "comes": 2, "flaw": 2, "gayness": 2, "title": 2, "art": 2, "direction": 2, "pacing": 2, "cinematic": 2, "style": 2, "seem": 2, "come": 2, "another": 2, "distant": 2, "eighties": 2, "ways": 2, "even": 2, "second": 2, "world": 3, "war": 3, "implicit": 2, "society": 2, "still": 2, "clinging": 2, "older": 2, "moral": 2, "order": 3, "sympathy": 2, "racked": 2, "ruined": 2, "cruelties": 2, "necessity": 2, "trapped": 2, "enclosed": 2, "theatre": 2, "knowledge": 2, "much": 2, "swept": 2, "away": 2, "poignant": 2, "flaws": 2}