{"definition": 2, "vampire": 3, "inhumane": 2, "corpse": 2, "supposed": 2, "leave": 2, "grave": 2, "night": 2, "drink": 2, "blood": 5, "living": 2, "bakjwi": 4, "nearly": 2, "nails": 2, "concept": 2, "head": 2, "minus": 2, "pointy": 2, "fangs": 2, "neck": 2, "biting": 2, "r": 2, "rated": 2, "movie": 8, "knew": 2, "actually": 4, "going": 3, "pertain": 2, "vampires": 5, "means": 2, "characters": 2, "without": 3, "restraint": 2, "rightfully": 2, "lack": 2, "glamorous": 2, "moments": 2, "comparison": 2, "twilight": 3, "viewed": 2, "park": 2, "preceding": 2, "oldboy": 2, "high": 2, "expectations": 2, "anticipated": 2, "awkward": 2, "plot": 4, "sequences": 2, "known": 2, "priest": 4, "impressed": 2, "performance": 2, "forced": 2, "quandary": 2, "humane": 2, "obeying": 2, "thirst": 2, "spoiler": 2, "initial": 2, "premise": 3, "surviving": 2, "defective": 2, "transfusion": 2, "starts": 3, "crave": 2, "discovers": 2, "super": 2, "strength": 2, "flying": 2, "ability": 2, "screen": 2, "shots": 2, "transition": 3, "phase": 4, "overbearing": 2, "exposition": 2, "drinking": 2, "dying": 2, "wish": 2, "euthanized": 2, "moral": 2, "reasons": 2, "oft": 2, "tragic": 3, "dysfunctional": 2, "love": 2, "affair": 2, "manipulative": 2, "riveting": 2, "played": 2, "host": 2, "song": 2, "actress": 2, "kim": 2, "special": 2, "effects": 2, "properly": 2, "placed": 2, "backdrop": 2, "offer": 2, "anything": 3, "new": 2, "ways": 2, "stunts": 2, "cgi": 2, "impose": 2, "driven": 2, "character": 2, "developed": 2, "story": 2, "pivotal": 2, "points": 2, "perverse": 2, "grotesque": 2, "yet": 2, "original": 3, "korean": 3, "style": 2, "many": 2, "negatives": 2, "say": 2, "sometimes": 2, "ask": 2, "priests": 2, "could": 2, "showed": 2, "emotional": 2, "crisis": 2, "transformation": 2, "would": 2, "made": 2, "hours": 2, "long": 3, "begin": 3, "token": 2, "really": 2, "much": 2, "way": 2, "expressing": 2, "emotions": 2, "mentioned": 2, "expect": 2, "hopeful": 2, "watching": 2, "overall": 2, "delightfully": 2, "dark": 2, "morbid": 2, "strongly": 2, "recommend": 2, "serious": 2, "viewers": 2, "past": 2, "teenage": 2, "definitely": 2, "answer": 2, "swedish": 2, "let": 2, "right": 2, "one": 2, "also": 2, "good": 2}