{"others": 2, "commented": 2, "around": 2, "web": 2, "pilot": 2, "coast": 2, "guard": 2, "said": 2, "skeptic": 2, "went": 2, "expecting": 2, "cheese": 3, "factors": 2, "much": 3, "film": 3, "pretty": 2, "watched": 2, "trailer": 3, "today": 2, "seeing": 2, "yesterday": 2, "realized": 2, "gives": 2, "impression": 2, "movie": 8, "nothing": 2, "rescue": 3, "action": 3, "scenes": 2, "truly": 2, "driven": 2, "inner": 2, "struggles": 2, "costner": 4, "kutcher": 4, "dealing": 2, "revealed": 2, "course": 2, "minor": 2, "love": 2, "story": 2, "surprise": 2, "part": 2, "tells": 2, "tale": 2, "two": 2, "lives": 2, "come": 2, "together": 3, "time": 2, "help": 2, "heal": 2, "old": 2, "girlie": 2, "sounds": 2, "try": 2, "like": 2, "actually": 2, "work": 2, "quite": 2, "well": 3, "compliment": 2, "critics": 2, "stated": 2, "seen": 2, "top": 2, "gun": 2, "officer": 2, "gentlemen": 2, "etc": 2, "remade": 2, "million": 2, "recall": 3, "one": 2, "f": 2, "word": 2, "spoken": 2, "ca": 2, "really": 2, "hours": 2, "may": 3, "tend": 2, "get": 2, "little": 2, "long": 2, "towards": 2, "laugh": 2, "cry": 2, "honestly": 2, "say": 2, "worth": 2, "hope": 2, "enjoy": 2}