{"first": 2, "recognize": 2, "park": 4, "thirst": 4, "exceptionally": 2, "well": 2, "made": 2, "spending": 2, "two": 2, "hours": 3, "kim": 3, "enough": 3, "anyone": 2, "tolerate": 2, "length": 3, "time": 3, "song": 2, "priest": 2, "desiring": 2, "volunteer": 2, "experimental": 2, "studies": 2, "willing": 3, "subject": 2, "rigorous": 2, "injections": 2, "concerning": 2, "specific": 2, "virus": 2, "kills": 2, "infectiously": 2, "instead": 2, "legitimately": 2, "dying": 2, "hyeon": 14, "becomes": 3, "vampire": 3, "always": 3, "yearning": 2, "sustenance": 2, "blood": 4, "gives": 3, "fight": 2, "infectious": 2, "disease": 2, "returns": 2, "causing": 2, "symptoms": 2, "begin": 2, "body": 2, "vomits": 2, "sunlight": 2, "known": 2, "genre": 2, "causes": 2, "torturous": 2, "death": 2, "exposed": 2, "falls": 2, "lust": 4, "wife": 2, "sickly": 2, "childhood": 2, "friend": 2, "shin": 2, "taken": 2, "ra": 3, "regarded": 2, "puppy": 2, "practically": 2, "used": 2, "domestic": 2, "animal": 2, "ordered": 2, "around": 2, "miserable": 2, "situation": 2, "begins": 2, "torrid": 2, "affair": 2, "instigates": 2, "soon": 5, "manipulating": 2, "perhaps": 3, "killing": 4, "believe": 3, "victim": 2, "abuse": 2, "renouncing": 2, "priesthood": 2, "dives": 2, "headlong": 2, "relationship": 2, "participant": 2, "incident": 2, "contributed": 2, "using": 2, "boat": 2, "middle": 2, "lake": 2, "proceeded": 2, "burying": 2, "underwater": 2, "keeping": 2, "attempted": 2, "haunt": 2, "circumstances": 2, "arise": 2, "missing": 2, "got": 2, "rid": 2, "police": 2, "would": 2, "find": 2, "corpse": 2, "mrs": 2, "suffers": 2, "stroke": 2, "though": 3, "one": 5, "finger": 2, "ability": 2, "blink": 2, "eyes": 2, "contribute": 2, "mightily": 2, "story": 3, "progresses": 2, "showing": 2, "aware": 2, "led": 3, "special": 2, "birthday": 2, "gift": 2, "vampirism": 3, "created": 2, "monster": 2, "admits": 2, "slip": 2, "tongue": 2, "fact": 2, "never": 2, "hurt": 2, "thirsts": 2, "realized": 2, "supply": 2, "bother": 2, "morally": 3, "psychologically": 2, "hand": 2, "full": 2, "take": 2, "desperate": 2, "measures": 2, "stop": 2, "menace": 2, "society": 2, "say": 2, "best": 2, "horror": 2, "films": 2, "seen": 3, "regarding": 2, "methodical": 2, "approach": 2, "takes": 2, "dark": 2, "road": 2, "commit": 2, "terrible": 2, "deeds": 2, "nothing": 2, "positive": 2, "ever": 2, "come": 2, "unholy": 2, "union": 2, "innocent": 2, "people": 3, "die": 2, "love": 4, "shifts": 2, "obsessive": 2, "end": 3, "cease": 2, "make": 2, "painful": 2, "choice": 2, "see": 2, "inside": 2, "heads": 2, "souls": 2, "pretty": 3, "quite": 3, "exhausting": 2, "credit": 2, "director": 2, "pulling": 2, "punches": 2, "regards": 3, "devious": 2, "behavior": 2, "powers": 2, "given": 2, "wrong": 2, "rather": 2, "pleasant": 2, "soul": 2, "opening": 2, "accepts": 2, "hell": 2, "could": 2, "look": 2, "unique": 2, "exactly": 2, "healthy": 2, "violence": 3, "tendency": 2, "pull": 2, "away": 2, "extremely": 2, "graphic": 2, "details": 2, "sadism": 2, "involved": 2, "turn": 2, "stomach": 2, "bit": 2, "least": 2, "way": 2, "carried": 2, "may": 2, "certain": 2, "leave": 2, "lasting": 2, "impact": 2, "sexual": 2, "situations": 2, "heated": 2, "erotic": 2, "also": 2, "sordid": 2, "reprehensible": 2, "movie": 2, "think": 2, "still": 2, "complex": 2, "examination": 2, "lengths": 2, "go": 2, "remain": 2, "attached": 2, "object": 2, "affection": 2}