{"ca": 2, "believe": 2, "rarely": 2, "ever": 2, "see": 3, "title": 2, "mentioned": 2, "eighties": 2, "horror": 4, "freaks": 2, "definitely": 2, "wo": 2, "joining": 2, "fellow": 2, "reviewers": 2, "saying": 2, "birthday": 5, "awful": 2, "viewing": 2, "contrary": 2, "enjoyed": 2, "much": 2, "pleasantly": 3, "surprised": 2, "ingeniousness": 2, "surprise": 2, "twists": 2, "offers": 2, "refer": 2, "film": 4, "slasher": 2, "victims": 2, "rather": 2, "unlikely": 2, "killers": 2, "introduced": 2, "three": 2, "youngsters": 2, "born": 2, "solar": 2, "eclipse": 2, "moment": 2, "delivered": 2, "planet": 2, "saturn": 2, "blocked": 2, "sun": 2, "moon": 2, "due": 2, "kids": 5, "emotionless": 2, "seemly": 2, "without": 2, "conscience": 2, "really": 2, "starts": 2, "show": 2, "around": 2, "tenth": 2, "go": 2, "merciless": 2, "killing": 2, "granted": 2, "stuff": 2, "incredibility": 2, "even": 2, "slightly": 2, "offensive": 2, "seriously": 2, "cares": 2, "unlike": 2, "many": 2, "films": 2, "period": 2, "least": 2, "attempts": 2, "bring": 2, "something": 2, "original": 2, "imaginative": 2, "acting": 2, "good": 3, "entire": 2, "creepy": 2, "atmosphere": 2, "grizzly": 2, "music": 2, "murders": 2, "sequences": 2, "grim": 2, "tense": 2, "always": 2, "eerie": 2, "getting": 2, "committed": 2, "know": 2, "hired": 2, "job": 2, "especially": 2, "girl": 2, "kid": 2, "glasses": 2, "highly": 2, "memorable": 3, "bleak": 2, "images": 2, "heartless": 2, "trio": 2, "remind": 2, "classic": 2, "highlights": 2, "damned": 3, "bad": 2, "seed": 2, "nowhere": 2, "near": 2, "milestones": 2, "great": 2, "fun": 2, "one": 2, "lover": 2, "regret": 2, "watching": 2, "bloody": 3, "written": 2, "directed": 2, "ed": 2, "hunt": 2, "particularly": 2, "greatest": 2, "genius": 2, "cinema": 2, "deranged": 2, "fella": 2, "also": 2, "brought": 2, "us": 2, "immensely": 2, "entertaining": 2, "cheesefests": 2, "like": 2, "brain": 2, "invasions": 2, "enough": 2, "convince": 2, "yet": 2, "lot": 2, "nudity": 3, "topless": 2, "julie": 2, "brown": 2, "oh": 2, "keep": 2, "eyes": 2, "open": 2, "completely": 2, "redundant": 2, "cameo": 2, "joe": 2, "penny": 2, "later": 2, "star": 2, "fatman": 2, "check": 2}