{"great": 3, "soundtrack": 2, "really": 3, "enjoyable": 2, "music": 3, "outstanding": 2, "cast": 2, "lead": 3, "performance": 2, "worth": 2, "explain": 2, "happened": 2, "neighborhood": 3, "left": 2, "feeling": 2, "integration": 2, "blame": 2, "departure": 2, "character": 2, "movie": 2, "seems": 2, "well": 3, "researched": 2, "extremely": 2, "crafted": 2, "especially": 2, "enjoyed": 2, "minor": 2, "characters": 2, "like": 2, "jeffrey": 2, "cutting": 2, "opening": 2, "sequence": 2, "helps": 2, "express": 2, "lively": 2, "engaging": 2, "desirable": 2, "experience": 2, "nightclub": 2, "would": 2, "jump": 2, "food": 2, "drink": 2, "dancing": 2, "gambling": 2, "sex": 2}