{"circus": 3, "comes": 2, "town": 2, "places": 2, "lion": 3, "cage": 2, "directly": 2, "bugs": 6, "bunny": 4, "home": 2, "ends": 2, "somewhere": 2, "range": 2, "right": 2, "freaked": 2, "intrepid": 2, "despite": 2, "title": 2, "acrobatty": 2, "end": 3, "perform": 2, "acrobatics": 2, "even": 2, "leading": 2, "quite": 2, "funny": 2, "escape": 2, "getting": 2, "eaten": 2, "somehow": 2, "always": 2, "manages": 2, "use": 2, "character": 2, "weakness": 2, "pull": 2, "convenient": 2, "object": 2, "thin": 2, "air": 2, "later": 2, "ended": 2, "big": 2, "top": 2, "liked": 2, "one": 2, "better": 2, "latter": 2, "got": 2, "drug": 2, "little": 2, "bit": 2, "giving": 2, "antagonist": 2, "eastern": 2, "european": 2, "accent": 2, "know": 2, "cold": 2, "war": 2, "still": 2, "recommend": 2, "affirm": 2, "never": 2, "aloha": 2, "oe": 2, "cartoon": 2}