{"admire": 2, "deepa": 2, "mehta": 2, "movie": 5, "masterpiece": 2, "recommend": 2, "buy": 2, "dvd": 2, "might": 2, "want": 2, "watch": 2, "often": 2, "trust": 2, "still": 2, "find": 2, "little": 2, "meaningful": 2, "details": 2, "watching": 2, "several": 2, "characters": 2, "except": 2, "grandmother": 2, "perhaps": 2, "balanced": 2, "black": 2, "white": 2, "even": 2, "though": 2, "follow": 2, "story": 2, "perspective": 2, "two": 2, "protagonists": 2, "also": 2, "empathy": 2, "think": 2, "imdb": 2, "rating": 2, "far": 2, "low": 2, "probably": 2, "due": 2, "politically": 2, "controversial": 2, "content": 2}