{"believe": 2, "given": 2, "war": 8, "movie": 4, "make": 2, "really": 2, "feel": 2, "need": 2, "see": 3, "letyat": 2, "zhuravli": 2, "called": 2, "cranes": 3, "flying": 2, "english": 2, "tells": 2, "story": 2, "veronika": 4, "tatiana": 2, "samoylova": 2, "boris": 5, "aleksey": 2, "batalov": 2, "love": 3, "verge": 2, "wwii": 2, "walking": 2, "along": 2, "waterfront": 2, "watching": 2, "fly": 2, "starts": 2, "promptly": 2, "sent": 2, "hides": 2, "family": 2, "ends": 2, "marrying": 2, "son": 2, "meanwhile": 2, "continues": 2, "trotting": 2, "countryside": 2, "fighting": 2, "nazis": 2, "experiencing": 2, "horrors": 2, "runs": 2, "energy": 2, "working": 2, "military": 2, "hospital": 2, "receives": 2, "news": 2, "refuses": 2, "accept": 2, "body": 2, "arrives": 2, "home": 2, "one": 2, "trains": 2, "simultaneously": 2, "radio": 2, "announces": 2, "germany": 2, "surrendered": 2, "allied": 2, "powers": 2, "soviet": 2, "union": 2, "lost": 2, "million": 2, "citizens": 2, "start": 2, "new": 2, "good": 2, "job": 2, "showing": 2, "human": 2, "impact": 2, "battlefield": 2, "also": 2, "affected": 2, "civilian": 2, "population": 2, "definitely": 2, "everyone": 2}