{"fairly": 2, "interesting": 2, "look": 3, "characters": 2, "india": 3, "burgeoning": 2, "middle": 2, "class": 2, "although": 2, "rapidly": 2, "modernizing": 2, "culture": 2, "keeping": 2, "film": 3, "involves": 2, "patriarchal": 2, "society": 2, "women": 3, "yet": 2, "truly": 2, "free": 2, "citizens": 2, "land": 2, "arranged": 2, "marriages": 2, "men": 2, "dally": 2, "mistresses": 2, "total": 3, "impunity": 2, "expected": 2, "tolerate": 2, "eventually": 2, "come": 2, "short": 2, "impressed": 3, "nandita": 2, "das": 2, "quite": 2, "attractive": 2, "played": 2, "character": 2, "earnestness": 2, "even": 2, "shabana": 2, "azmi": 2, "understand": 2, "fixture": 2, "bollywood": 2, "quiet": 2, "beauty": 2, "psychic": 2, "suffering": 2, "excellent": 2, "lesbian": 2, "subtext": 2, "never": 3, "particularly": 2, "erotic": 2, "titillating": 2, "darn": 2, "worth": 2, "interested": 2, "vastly": 2, "different": 2, "cultures": 2}