{"although": 3, "times": 3, "one": 2, "cinema": 2, "laughing": 2, "main": 2, "pleasure": 2, "took": 2, "beautifully": 2, "shot": 2, "thirst": 2, "laughter": 2, "sometimes": 2, "seemed": 2, "movie": 3, "identity": 2, "crisis": 2, "know": 2, "whether": 2, "tragedy": 2, "comedy": 2, "blackest": 2, "black": 2, "humour": 2, "shone": 2, "regular": 2, "intervals": 2, "helped": 2, "course": 2, "standard": 2, "acting": 2, "everyone": 2, "concerned": 2, "wonderful": 2, "slightly": 2, "obsessed": 2, "wicked": 2, "leading": 2, "lady": 2, "gorgeously": 2, "elegant": 2, "matter": 2, "blood": 2, "soaked": 2, "malevolent": 2, "read": 2, "reviews": 2, "suggested": 2, "overlong": 2, "think": 2, "fact": 2, "last": 2, "scenes": 2, "moving": 2, "hilarious": 2, "mean": 2, "brown": 2, "shoes": 2, "turns": 2, "among": 2, "best": 2, "film": 2}