{"dresser": 3, "perhaps": 2, "refined": 2, "backstage": 2, "films": 2, "film": 4, "brimming": 2, "wit": 2, "spirit": 2, "part": 2, "provided": 2, "energetic": 2, "character": 3, "norman": 2, "tom": 2, "courtenay": 2, "although": 2, "clearly": 2, "gay": 2, "certainly": 2, "attraction": 2, "lead": 2, "performer": 2, "albert": 2, "finney": 2, "assists": 2, "never": 2, "dwells": 2, "makes": 2, "gritty": 2, "style": 2, "peter": 2, "yates": 2, "worked": 2, "well": 2, "bullitt": 2, "display": 2, "gives": 2, "sense": 2, "realism": 2, "coherence": 2, "much": 2, "appreciated": 2, "story": 2, "could": 2, "easily": 2, "become": 2, "tedious": 2, "end": 2, "bore": 2, "many": 2, "people": 2, "silly": 2, "truly": 2, "delight": 2, "love": 2, "british": 2}