{"say": 2, "always": 2, "better": 2, "horror": 2, "movies": 2, "leave": 2, "things": 2, "imagination": 3, "hide": 2, "certain": 2, "details": 3, "audience": 2, "order": 2, "tickle": 2, "sense": 2, "dip": 2, "fears": 2, "let": 2, "give": 2, "birth": 2, "darkest": 2, "case": 2, "watched": 2, "bakjwi": 2, "american": 2, "title": 2, "thirst": 2, "playing": 2, "select": 2, "theaters": 2, "near": 2, "seems": 2, "like": 2, "film": 3, "makers": 2, "want": 2, "spare": 2, "blood": 2, "try": 2, "look": 2, "rest": 2, "review": 2, "please": 2, "visit": 2, "http": 2, "thanks": 2, "hope": 2, "enjoyed": 2, "reading": 2}