{"avid": 2, "julie": 3, "andrews": 2, "fan": 2, "watched": 2, "first": 2, "time": 2, "dvd": 2, "director": 2, "cut": 2, "version": 2, "surprised": 2, "rated": 2, "get": 2, "bedroom": 2, "scenes": 3, "seduction": 2, "story": 2, "line": 2, "two": 2, "strip": 2, "tease": 2, "acts": 2, "g": 2, "rating": 2, "weird": 2, "would": 4, "rate": 2, "thoroughly": 2, "enjoyed": 2, "movie": 2, "beautiful": 2, "showcase": 2, "andrew": 2, "voice": 2, "talent": 2, "acting": 2, "great": 2, "storyline": 2, "little": 2, "weak": 2, "leaving": 2, "gaps": 2, "could": 2, "filled": 2, "good": 2, "dialogue": 2, "many": 2, "talking": 2, "walking": 2, "liked": 2, "see": 2, "relationship": 2, "rock": 2, "blossom": 2, "intense": 2, "love": 2, "believable": 2}