{"sick": 2, "current": 2, "cinema": 3, "output": 2, "particularly": 2, "american": 2, "making": 2, "effort": 2, "see": 3, "foreign": 2, "films": 2, "came": 2, "across": 2, "gem": 2, "slow": 2, "start": 2, "picks": 2, "nicely": 2, "war": 3, "declared": 2, "basically": 2, "old": 2, "fashioned": 2, "performances": 2, "cinematography": 2, "make": 2, "much": 3, "tatyana": 3, "samojlova": 2, "young": 4, "woman": 3, "become": 2, "international": 2, "star": 2, "beyond": 2, "though": 2, "remained": 2, "successful": 2, "country": 2, "take": 2, "journey": 2, "defiant": 2, "impetuous": 2, "girl": 2, "ravages": 2, "becomes": 2, "sober": 2, "somber": 2, "keeps": 2, "glimmer": 2, "hope": 2, "final": 2, "scene": 2, "devastating": 2, "love": 2, "camera": 3, "pioneer": 2, "work": 2, "truly": 2, "adds": 2, "immediacy": 2, "story": 2, "beauty": 2, "like": 2, "character": 2, "running": 2, "stairs": 2, "next": 2, "slatted": 2, "fence": 2, "humbled": 2, "grateful": 2, "film": 2}