{"asked": 2, "movie": 4, "throughout": 2, "film": 2, "would": 4, "told": 2, "great": 3, "however": 2, "left": 3, "theatre": 2, "feeling": 2, "unsatisfied": 2, "thinking": 2, "little": 2, "believe": 2, "problem": 2, "pace": 2, "ending": 5, "feel": 2, "majority": 2, "moved": 2, "kind": 2, "slow": 2, "developed": 4, "fast": 2, "say": 2, "thought": 3, "characters": 4, "well": 4, "costner": 2, "kutcher": 3, "portrayed": 2, "roles": 2, "yes": 2, "ashton": 2, "act": 2, "also": 2, "different": 3, "relationships": 2, "seemed": 2, "real": 2, "furthermore": 2, "plot": 3, "lines": 2, "overall": 2, "good": 3, "recommend": 2, "seeing": 2, "conclusion": 2, "poorly": 2, "still": 2, "go": 2, "see": 2}