{"agreeably": 2, "perverse": 2, "oddball": 2, "early": 2, "teen": 3, "body": 2, "count": 2, "flick": 2, "may": 2, "never": 2, "reach": 3, "astonishingly": 2, "bent": 2, "pinnacle": 2, "deeply": 2, "unsettling": 2, "criminally": 2, "underrated": 2, "murderous": 2, "moppets": 2, "movie": 2, "devil": 2, "times": 2, "five": 2, "still": 3, "average": 2, "killer": 2, "kid": 2, "opus": 2, "slim": 2, "serviceable": 2, "plot": 2, "centers": 2, "trio": 3, "misfit": 2, "tykes": 2, "two": 2, "bratty": 2, "boys": 2, "one": 2, "creepily": 2, "albeit": 2, "little": 2, "girl": 2, "born": 2, "solar": 2, "eclipse": 2, "june": 2, "strange": 2, "antisocial": 2, "stick": 2, "together": 2, "tightly": 2, "exclusive": 2, "circle": 2, "ten": 2, "years": 2, "age": 2, "suddenly": 2, "go": 2, "homicidally": 2, "bonkers": 2, "declare": 2, "open": 2, "season": 2, "hapless": 2, "unsuspecting": 2, "local": 2, "yokels": 2, "heretofore": 2, "sleepy": 2, "peaceful": 2, "california": 2, "suburb": 2, "meadowvale": 2, "ed": 2, "hunt": 2, "usually": 2, "incompetent": 2, "unsung": 2, "hack": 2, "responsible": 2, "wonderfully": 2, "wretched": 2, "clunkers": 2, "delightfully": 2, "dopey": 2, "starship": 2, "invasions": 2, "uproariously": 2, "inane": 2, "jesus": 2, "christ": 2, "vigilante": 2, "parable": 2, "alien": 3, "warrior": 2, "stunningly": 2, "silly": 2, "brain": 2, "pretty": 2, "solid": 2, "capable": 2, "job": 2, "kill": 2, "scenes": 2, "abundant": 2, "reasonably": 2, "brutal": 2, "gag": 2, "especially": 3, "nasty": 2, "sizable": 2, "smattering": 2, "gratuitous": 2, "nudity": 2, "sex": 2, "goodly": 2, "amount": 2, "tension": 2, "neatly": 2, "created": 2, "maintained": 2, "nice": 2, "dollops": 2, "dark": 2, "humor": 2, "punctuate": 2, "arrestingly": 2, "warped": 2, "mayhem": 2, "surprise": 3, "grim": 2, "ending": 2, "manages": 2, "truly": 2, "moreover": 2, "cast": 2, "elevates": 2, "proceedings": 2, "perfectly": 2, "watchable": 2, "absorbing": 2, "jose": 2, "ferror": 2, "doctor": 2, "future": 2, "jake": 2, "fatman": 2, "tv": 2, "series": 2, "star": 3, "joe": 2, "penny": 2, "amateur": 2, "astrologer": 2, "prey": 2, "lori": 2, "lethin": 2, "plucky": 2, "babysitter": 2, "heroine": 2, "susan": 2, "strasberg": 2, "bitchy": 2, "school": 2, "teacher": 2, "american": 2, "ninja": 2, "michael": 2, "dudikoff": 2, "chowderhead": 2, "jock": 2, "cyril": 2, "lonely": 2, "misanthrope": 2, "vampire": 2, "hauntingly": 2, "melancholy": 2, "dance": 2, "damned": 2, "libidinous": 2, "dude": 2, "gets": 2, "bagged": 2, "think": 2, "naked": 2, "hot": 2, "chick": 2, "back": 2, "parked": 2, "van": 2, "billy": 2, "jacoby": 2, "went": 2, "late": 2, "dross": 2, "demonwarp": 2, "andy": 2, "freeman": 2, "eerily": 2, "adorable": 2, "elizabeth": 2, "hoy": 2, "genuinely": 2, "creepy": 2, "convincing": 2, "terrible": 2, "troika": 2, "chillingly": 2, "evil": 2, "amoral": 2, "rugrats": 2, "yes": 2, "none": 2, "julie": 2, "brown": 2, "brassy": 2, "comedienne": 2, "scored": 2, "top": 2, "hit": 2, "hilarious": 2, "novelty": 2, "tune": 2, "homecoming": 2, "queen": 2, "got": 2, "ta": 2, "gun": 2, "lovely": 2, "vacuous": 2, "redhead": 2, "bimbo": 2, "great": 2, "lengthy": 2, "totally": 2, "extraneous": 2, "yet": 2, "sizzling": 2, "nude": 2, "striptease": 2, "dancing": 2, "bedroom": 2, "cheesy": 2, "blaring": 2, "rock": 2, "song": 2, "baby": 2, "sizes": 2, "sturdy": 2, "satisfying": 2, "slasher": 2, "item": 2}