{"film": 3, "detractors": 2, "courtney": 4, "fey": 2, "dresser": 2, "may": 2, "offend": 2, "folks": 2, "frankly": 2, "need": 2, "good": 2, "smack": 2, "upside": 2, "head": 2, "top": 2, "notch": 2, "every": 2, "way": 2, "engaging": 2, "poignant": 2, "relevant": 2, "finney": 2, "naturally": 2, "larger": 2, "life": 2, "makes": 2, "ideal": 2, "foil": 2, "thought": 2, "performances": 2, "terribly": 2, "strong": 2, "leads": 2, "character": 2, "provides": 2, "plenty": 2, "dark": 2, "humor": 2, "period": 2, "well": 3, "captured": 2, "supporting": 2, "cast": 2, "chosen": 2, "seen": 2, "savored": 2, "like": 2, "fine": 2, "cordial": 2, "wish": 2, "dvd": 2, "already": 2, "sigh": 2}