{"gave": 2, "film": 4, "rare": 2, "first": 2, "began": 2, "watching": 2, "realized": 2, "would": 2, "strong": 4, "plot": 2, "line": 2, "almost": 2, "turned": 2, "glad": 2, "character": 2, "driven": 2, "true": 2, "story": 2, "revolves": 2, "mainly": 2, "around": 2, "life": 3, "rachel": 2, "nanny": 3, "crosby": 2, "beautiful": 2, "inside": 2, "black": 3, "woman": 2, "touched": 2, "lives": 2, "many": 2, "community": 3, "highly": 2, "interesting": 2, "characterizations": 2, "people": 2, "lived": 2, "boardinghouse": 2, "also": 2, "gives": 2, "us": 2, "look": 2, "like": 2, "african": 2, "americans": 2, "prior": 2, "integration": 2, "good": 2, "bad": 2, "sides": 2, "segregation": 2, "ultimately": 2, "affected": 2, "changed": 2, "addition": 2, "excellent": 2, "performances": 2, "members": 2, "cast": 2, "fine": 2, "singing": 2, "dancing": 2, "era": 2}