{"julie": 4, "andrews": 2, "plays": 3, "german": 2, "spy": 2, "falls": 2, "love": 2, "american": 2, "pilot": 2, "rock": 3, "hudson": 2, "assignment": 2, "songs": 3, "beautiful": 3, "two": 2, "demonstrates": 2, "temperamental": 2, "side": 2, "film": 5, "nice": 2, "girl": 3, "normally": 2, "sings": 3, "entertains": 2, "troops": 2, "ww": 3, "endearing": 2, "mancini": 2, "loved": 2, "say": 2, "wonderful": 2, "supporting": 2, "characters": 2, "somewhat": 2, "stereotyped": 2, "may": 2, "performance": 2, "pillow": 2, "talk": 2, "magnificent": 2, "obsession": 2, "blake": 2, "edwards": 2, "shot": 2, "ireland": 2, "authentic": 2, "planes": 2, "used": 2, "scenery": 2, "england": 2, "france": 2, "absolutely": 2, "gorgeous": 2}