{"great": 3, "thing": 2, "thirst": 8, "chanwook": 3, "park": 6, "latest": 2, "film": 3, "may": 2, "take": 2, "minus": 2, "reality": 2, "big": 2, "plus": 2, "takes": 3, "method": 2, "vampirism": 3, "seriously": 2, "well": 2, "torrid": 2, "love": 2, "story": 3, "see": 3, "conflicts": 2, "priest": 5, "undergoes": 2, "medical": 2, "experiment": 2, "unbeknownst": 2, "turns": 2, "sickly": 2, "vampire": 6, "mother": 3, "idiot": 2, "brother": 2, "latter": 2, "killed": 2, "strong": 2, "melodrama": 2, "nothing": 2, "terribly": 2, "weepy": 2, "insipid": 2, "characters": 5, "point": 2, "implications": 2, "put": 2, "forth": 2, "religion": 2, "early": 2, "sang": 2, "example": 3, "seen": 3, "healer": 2, "sorts": 2, "since": 2, "rose": 2, "dead": 2, "thanks": 2, "even": 4, "ca": 2, "knows": 2, "top": 2, "good": 3, "vs": 2, "evil": 3, "push": 2, "another": 2, "plane": 2, "also": 3, "rises": 2, "awesome": 2, "standard": 2, "artistry": 2, "displayed": 2, "oldboy": 4, "lady": 2, "vengeance": 2, "underrated": 2, "cyborg": 2, "ok": 2, "taken": 2, "given": 2, "juicy": 2, "narrative": 2, "bizarre": 3, "suburban": 2, "shot": 2, "edited": 2, "eye": 2, "mood": 2, "part": 4, "satiric": 2, "dramatic": 2, "lastly": 2, "fantastical": 2, "always": 3, "treat": 2, "vampirsim": 2, "something": 4, "simple": 2, "horror": 4, "movie": 5, "though": 2, "share": 2, "scary": 2, "scenes": 3, "akin": 2, "near": 3, "dark": 4, "never": 2, "mentioned": 2, "word": 2, "let": 3, "know": 2, "treated": 2, "sincerity": 2, "kind": 2, "lucid": 2, "track": 2, "attention": 2, "disease": 2, "effect": 2, "person": 2, "existence": 2, "perhaps": 2, "scarier": 2, "killings": 2, "bloodshed": 2, "one": 6, "jump": 2, "really": 3, "high": 2, "heal": 2, "wounds": 2, "em": 2, "wicked": 2, "sense": 4, "humor": 3, "much": 2, "like": 4, "bite": 2, "pun": 2, "intended": 2, "meant": 2, "emphasize": 2, "physical": 2, "states": 2, "found": 2, "predilection": 2, "sucking": 2, "blood": 3, "people": 2, "comas": 2, "taking": 2, "tube": 2, "suckling": 2, "floor": 2, "manner": 3, "holds": 2, "scrap": 2, "humanity": 2, "keeping": 2, "alive": 2, "stroke": 2, "blink": 2, "eyes": 2, "tap": 2, "finger": 2, "means": 2, "reacting": 2, "brought": 2, "pain": 2, "home": 2, "moments": 2, "icing": 2, "cake": 2, "make": 2, "complete": 2, "experience": 2, "makes": 2, "last": 3, "mind": 2, "elements": 2, "come": 2, "together": 2, "drama": 2, "existential": 2, "pains": 2, "catholicism": 2, "especially": 3, "loved": 2, "dynamic": 2, "gives": 3, "arm": 2, "wants": 2, "erotic": 2, "finally": 3, "incredible": 2, "pace": 2, "length": 2, "shots": 2, "real": 2, "gets": 2, "pornographic": 2, "release": 2, "escape": 2, "long": 2, "scope": 2, "carp": 2, "films": 2, "directs": 2, "reach": 2, "stature": 2, "masterpiece": 2, "least": 2, "known": 2, "man": 2, "directed": 2, "thrist": 2, "excellent": 2, "addition": 2, "oeuvre": 2, "serious": 2, "streak": 2, "movies": 2, "general": 2, "crisp": 2, "exciting": 2, "dangerous": 2, "white": 2, "room": 2, "live": 2, "hilarious": 2, "acting": 2, "intense": 2, "subtle": 2, "strokes": 2, "song": 2, "quirky": 2, "surprising": 2, "vulnerability": 2, "kim": 2, "ending": 2, "get": 2, "truly": 2, "superb": 2, "endings": 2, "talking": 2, "years": 2, "way": 2, "battle": 2, "twilight": 2, "first": 2, "round": 2, "right": 2, "tougher": 2, "call": 2}