{"although": 2, "bullet": 4, "brain": 4, "without": 2, "question": 2, "superior": 2, "amongst": 2, "short": 5, "films": 3, "largely": 2, "seems": 3, "like": 3, "piece": 2, "writing": 2, "film": 5, "little": 5, "hard": 2, "feel": 3, "sorry": 2, "teacher": 2, "smart": 2, "ass": 2, "remarks": 2, "get": 2, "shot": 2, "enters": 2, "begin": 2, "understand": 2, "bit": 4, "became": 2, "jaded": 2, "life": 2, "first": 2, "place": 2, "awful": 2, "amount": 2, "detail": 2, "packed": 2, "reasonably": 2, "makes": 2, "extended": 2, "almost": 2, "much": 2, "take": 2, "details": 2, "come": 2, "flying": 2, "fast": 2, "slightly": 2, "relaxed": 2, "pace": 2, "less": 2, "narrator": 2, "final": 2, "section": 2, "would": 2, "benefitted": 2, "despite": 2, "complaints": 2, "denying": 2, "quite": 2, "stupendous": 2, "work": 2, "compared": 2, "many": 2, "even": 2, "full": 2, "length": 2, "makers": 2, "applauded": 2, "trying": 2, "make": 2, "basically": 2, "emotional": 2, "literate": 2, "current": 2, "climate": 2, "quick": 2, "jokes": 2, "hollywood": 2, "action": 2}