{"movie": 5, "everything": 2, "boring": 3, "deals": 2, "reality": 2, "people": 4, "think": 2, "open": 2, "eyes": 2, "real": 2, "problems": 4, "society": 2, "children": 2, "dying": 2, "consequences": 3, "alcohol": 3, "drug": 3, "abuse": 3, "ignored": 2, "work": 2, "correctional": 2, "facility": 2, "chemical": 2, "dependency": 2, "counselor": 2, "deal": 2, "every": 3, "day": 2, "ages": 2, "walks": 2, "life": 2, "effected": 2, "destroys": 2, "families": 2, "hurts": 2, "leads": 2, "serious": 2, "brain": 2, "damage": 2, "kinds": 2, "health": 2, "death": 2, "preventable": 2, "shown": 2, "world": 2, "anyone": 2, "owns": 2, "wants": 2, "sell": 3, "copy": 2, "please": 2, "thank": 2}