{"often": 2, "maligned": 2, "movie": 2, "must": 2, "fans": 2, "blake": 2, "edwards": 2, "julie": 4, "andrews": 3, "henry": 3, "mancini": 3, "hollywood": 2, "musicals": 2, "writers": 2, "commented": 2, "shifts": 2, "tone": 2, "confusion": 2, "plot": 2, "film": 3, "many": 4, "things": 2, "recommend": 2, "score": 2, "one": 3, "best": 2, "written": 2, "wonderful": 2, "ones": 2, "several": 2, "songs": 2, "sung": 2, "perfection": 2, "performance": 3, "nuanced": 2, "decked": 2, "beautiful": 2, "clothes": 2, "absolutely": 2, "loveliest": 2, "shots": 2, "funny": 2, "inspector": 2, "sight": 2, "gags": 2, "boot": 2, "rock": 2, "hudson": 2, "basically": 2, "phoned": 2, "passably": 2, "good": 2, "real": 2, "curiosity": 2, "item": 2, "last": 2, "major": 2, "years": 2, "ways": 2, "precursor": 2, "lovely": 2, "look": 2, "listen": 2, "available": 2, "dvd": 2, "would": 3, "like": 2, "versions": 2, "longer": 2, "shorter": 2, "director": 2, "cut": 2, "since": 2, "lampooned": 2, "make": 2, "great": 2}