{"movie": 5, "adventure": 2, "determination": 2, "heroism": 2, "bravery": 2, "plus": 2, "set": 2, "back": 2, "late": 2, "makes": 2, "even": 2, "interesting": 2, "wonderful": 3, "adventurous": 2, "storyline": 3, "alyssa": 2, "milano": 2, "playing": 2, "wholesome": 2, "confident": 2, "fizzy": 2, "great": 2, "one": 2, "favorite": 2, "movies": 2, "watched": 2, "inspire": 2, "enrich": 2, "life": 2, "without": 2, "doubt": 2, "excellent": 2, "also": 2, "fabulous": 2, "scenery": 2, "music": 2, "wonderfully": 2, "directed": 2, "good": 2, "gold": 2}