{"three": 2, "children": 3, "born": 2, "time": 3, "solar": 2, "eclipse": 2, "begin": 2, "slyly": 2, "murder": 4, "anybody": 2, "offends": 2, "killer": 3, "kid": 2, "movies": 2, "exactly": 2, "new": 2, "twisted": 2, "slasher": 4, "theme": 2, "murderers": 2, "works": 2, "nicely": 2, "film": 2, "bloody": 2, "birthday": 2, "deliver": 3, "good": 4, "chills": 2, "suspense": 2, "managing": 2, "competent": 2, "thriller": 2, "strange": 2, "qualities": 2, "straddles": 2, "fine": 2, "line": 2, "cheesy": 2, "creepy": 2, "remain": 2, "entertaining": 2, "throughout": 2, "interesting": 2, "plot": 2, "strong": 2, "scenes": 2, "well": 4, "bit": 2, "nudity": 2, "establish": 2, "solid": 2, "guilty": 2, "cast": 2, "fairly": 2, "job": 2, "young": 2, "stars": 2, "elizabeth": 2, "hoy": 2, "martel": 2, "menacing": 2, "performances": 2, "rising": 2, "star": 3, "julie": 2, "brown": 2, "striptease": 2, "memorable": 2, "scene": 2, "veteran": 2, "susan": 2, "strasberg": 2, "teacher": 2, "jose": 2, "ferrer": 2, "cameo": 2, "around": 2, "entry": 2, "bad": 2, "though": 2, "admittedly": 2, "flawless": 2, "worth": 2, "watching": 2, "genre": 2}