{"thing": 2, "makes": 2, "fire": 3, "even": 2, "appealing": 2, "watch": 2, "apart": 2, "magical": 2, "artistry": 2, "touch": 2, "femininism": 2, "rebellion": 2, "mind": 2, "character": 2, "played": 2, "shabana": 2, "azmi": 2, "symbol": 2, "indian": 3, "feminine": 2, "protest": 2, "society": 2, "name": 2, "movie": 2, "scene": 2, "radha": 2, "walks": 2, "flames": 2, "kitchen": 2, "symbloic": 2, "hindu": 2, "mythology": 2, "lord": 2, "rama": 2, "wife": 2, "sita": 2, "walking": 2, "proof": 2, "immaculacy": 2, "per": 2, "narrative": 2, "appears": 2, "film": 3, "could": 2, "great": 2, "inspiration": 2, "women": 2, "particularly": 2, "subcontinent": 2, "search": 2, "liberties": 2, "attain": 2, "control": 2, "lives": 2}