{"ever": 2, "since": 2, "first": 3, "encountered": 2, "divine": 2, "ms": 3, "merkerson": 3, "sex": 2, "therapist": 2, "spike": 2, "lee": 2, "got": 2, "ta": 2, "sold": 2, "range": 2, "exceedingly": 2, "gifted": 2, "yet": 2, "terribly": 2, "underrated": 2, "actress": 2, "received": 2, "emmy": 2, "portrayal": 2, "say": 2, "masterpiece": 2, "simply": 2, "shines": 2, "guiding": 2, "force": 2, "hand": 2, "community": 2, "especially": 3, "poignant": 2, "grew": 2, "time": 2, "period": 2, "production": 2, "detail": 3, "phenomenal": 2, "evoked": 2, "wooooooooooooooonderful": 2, "memories": 2, "life": 3, "times": 3, "women": 2, "like": 2, "portrayed": 2, "thoroughly": 2, "ably": 2, "accompanied": 2, "hot": 3, "cast": 2, "performances": 2, "one": 2, "would": 2, "enjoy": 2, "saw": 2, "macy": 2, "gray": 2, "name": 2, "credits": 2, "went": 2, "performance": 2, "good": 2, "even": 2, "recognize": 2, "way": 2, "proud": 2, "obvious": 2, "care": 2, "attention": 2, "produce": 2, "feel": 2, "look": 2, "another": 3, "beautiful": 2, "era": 2, "culture": 2, "tastefully": 2, "interesting": 2, "aspect": 2, "project": 2, "less": 2, "concerned": 2, "racial": 2, "fabric": 2, "infinitely": 2, "attuned": 2, "richness": 2, "characters": 2, "emotional": 2, "diversity": 2, "provide": 2, "exemplify": 2, "final": 2, "analysis": 2, "choices": 2, "make": 2, "extent": 2, "accept": 2, "responsibility": 2, "worthy": 2, "elegant": 2, "presentation": 2, "assuredly": 2, "destined": 2, "become": 2, "classic": 2, "owe": 2, "part": 2, "highly": 2, "recommend": 2}