{"many": 3, "comments": 2, "film": 3, "say": 2, "like": 2, "add": 2, "showed": 2, "last": 2, "week": 2, "around": 2, "community": 2, "cinema": 3, "got": 2, "overall": 2, "average": 2, "score": 2, "recommend": 2, "today": 2, "audiences": 2, "especially": 2, "see": 3, "real": 2, "screen": 2, "talk": 2, "others": 2, "afterwards": 2, "audience": 3, "sheer": 2, "power": 2, "acting": 2, "performances": 2, "whole": 2, "troupe": 2, "incredible": 2, "quite": 2, "spellbinding": 2, "course": 2, "finney": 2, "courtenay": 2, "truly": 2, "stars": 2, "everybody": 2, "thoroughly": 2, "well": 2, "cast": 2, "afternoon": 2, "majority": 2, "senior": 2, "citizens": 2, "fact": 2, "plot": 2, "could": 2, "followed": 2, "ease": 2, "clarity": 2, "speech": 2, "wonderful": 2, "use": 2, "camera": 3, "sound": 2, "great": 3, "influence": 2, "delightful": 2, "said": 2, "really": 2, "british": 2, "still": 2, "dated": 2, "twenty": 2, "years": 2, "full": 2, "filled": 2, "blood": 2, "guts": 2, "confusing": 2, "shots": 2, "back": 2, "forth": 2, "time": 2, "story": 2, "lines": 2, "seedy": 2, "sex": 2, "scenes": 2, "views": 2, "even": 2, "uttered": 2, "younger": 2}