{"difficult": 2, "watching": 2, "film": 8, "see": 5, "soviet": 4, "cinema": 2, "held": 2, "little": 3, "critical": 2, "esteem": 2, "get": 2, "wrong": 2, "cranes": 3, "flying": 2, "first": 3, "half": 2, "least": 2, "supremely": 2, "entertaining": 2, "boasting": 2, "lightness": 3, "touch": 2, "completely": 2, "unexpected": 2, "country": 2, "origin": 2, "fresh": 2, "brisk": 2, "spacious": 2, "technique": 2, "eventually": 3, "irritates": 2, "much": 3, "initially": 3, "charms": 2, "two": 5, "stunning": 2, "subjective": 2, "romantic": 3, "verve": 2, "flirts": 2, "never": 5, "quite": 2, "topples": 2, "lelouch": 2, "territory": 2, "subsuming": 2, "vast": 2, "social": 2, "national": 2, "world": 3, "events": 2, "love": 4, "affair": 2, "essentially": 2, "different": 3, "conventional": 2, "hollywood": 2, "course": 2, "union": 2, "emphasised": 2, "state": 2, "else": 2, "era": 2, "war": 5, "suppressed": 2, "individualism": 2, "liberty": 2, "uphold": 2, "murderous": 2, "symbolism": 2, "foregrounding": 2, "appealing": 2, "young": 4, "lovers": 5, "relief": 2, "thematic": 2, "similarities": 2, "consuming": 2, "rent": 2, "apart": 3, "wonderful": 2, "films": 2, "seventh": 2, "heaven": 2, "les": 2, "parapluies": 2, "de": 2, "cherbourg": 2, "also": 5, "adds": 2, "potential": 2, "story": 3, "simple": 2, "enough": 2, "boris": 10, "factory": 2, "worker": 2, "bright": 2, "medical": 2, "artistic": 2, "family": 5, "veronika": 11, "student": 2, "conduct": 2, "breezy": 2, "relationship": 2, "night": 2, "free": 3, "time": 2, "cousin": 2, "mark": 5, "composer": 2, "eyes": 2, "nazis": 3, "invade": 2, "russia": 2, "secretly": 2, "volunteers": 2, "chagrin": 2, "lover": 2, "promises": 2, "write": 2, "thinking": 2, "maybe": 2, "bothered": 2, "perhaps": 3, "mail": 2, "simply": 3, "unreliable": 2, "parents": 2, "die": 2, "air": 4, "raid": 3, "moves": 2, "helping": 2, "hospital": 2, "father": 2, "tends": 2, "wounded": 3, "distressed": 2, "silence": 2, "assailed": 2, "attentions": 2, "gained": 2, "exemption": 2, "military": 2, "duty": 2, "bribing": 2, "local": 2, "official": 2, "worn": 2, "marries": 2, "disapproval": 2, "adopted": 2, "meanwhile": 2, "killed": 2, "action": 2, "disgusted": 2, "adulterous": 2, "refuses": 2, "believe": 2, "awaits": 2, "return": 2, "fostering": 2, "orphan": 2, "bearing": 2, "title": 2, "refers": 2, "birds": 2, "couple": 2, "height": 2, "symbolic": 4, "transcendant": 2, "epiphanical": 2, "power": 3, "illusory": 2, "fly": 2, "v": 2, "formation": 2, "shape": 2, "pervades": 2, "entire": 2, "geometric": 2, "shapes": 2, "buildings": 2, "interiors": 2, "exteriors": 2, "groupings": 2, "people": 2, "composition": 2, "camera": 3, "angles": 3, "heroine": 2, "name": 2, "editing": 2, "feet": 3, "walking": 3, "southwest": 2, "one": 3, "met": 2, "southeast": 2, "another": 2, "serves": 2, "fatally": 2, "trap": 2, "control": 2, "destinies": 2, "suggest": 3, "stalinist": 2, "specifically": 2, "mentioned": 2, "although": 3, "pair": 3, "seem": 2, "space": 3, "whether": 2, "literally": 2, "unpeopled": 2, "environment": 2, "privileged": 2, "generous": 2, "always": 2, "ironised": 2, "minimised": 2, "torn": 2, "circumstances": 2, "families": 2, "crowds": 2, "brilliant": 3, "obvious": 3, "sequences": 2, "engulfed": 2, "tanks": 2, "fail": 2, "meet": 2, "huge": 2, "crowd": 2, "structure": 2, "constantly": 3, "distancing": 2, "paralellism": 2, "closeness": 2, "beginning": 2, "brightness": 2, "style": 2, "beautiful": 2, "idyll": 2, "broken": 2, "strange": 2, "edits": 2, "distracting": 2, "snatches": 2, "remarkable": 2, "blocks": 2, "romance": 2, "achieved": 2, "abstracting": 3, "rather": 2, "emphasising": 2, "historical": 2, "forces": 2, "whole": 3, "especially": 2, "strangely": 2, "unreal": 2, "dreamlike": 2, "shown": 2, "harsh": 2, "brutal": 2, "actuality": 2, "effects": 3, "fact": 2, "transformed": 2, "majestic": 2, "spectacle": 2, "devoid": 3, "nasty": 2, "germans": 2, "home": 2, "front": 3, "raids": 2, "create": 2, "delicious": 2, "light": 2, "shade": 2, "ruins": 2, "almost": 2, "gothic": 2, "decadence": 2, "bunker": 2, "threat": 2, "empire": 2, "less": 5, "important": 2, "perceived": 2, "indifference": 2, "empty": 2, "oneiric": 2, "moscow": 2, "spaces": 3, "mother": 2, "walk": 2, "though": 2, "actual": 2, "locations": 2, "emotional": 3, "tries": 2, "force": 3, "destructive": 2, "reality": 2, "release": 2, "sexual": 3, "frustrations": 2, "sequence": 2, "filmed": 2, "silent": 2, "expressionistic": 2, "terror": 2, "screen": 2, "seems": 3, "burst": 2, "hysteria": 2, "violence": 2, "compelling": 2, "earlier": 2, "scenes": 2, "wistful": 2, "either": 2, "fights": 2, "girls": 2, "honour": 2, "urgent": 2, "tactics": 2, "despair": 2, "movement": 2, "comrade": 2, "final": 3, "experience": 2, "setting": 2, "forest": 2, "giving": 2, "dynamic": 2, "flashback": 2, "extraordinary": 2, "mixture": 2, "fulfillment": 2, "heightened": 2, "anxiety": 2, "wished": 2, "becomes": 4, "menacing": 2, "point": 2, "interesting": 2, "slightly": 2, "grasp": 2, "expressionist": 2, "overload": 2, "attempted": 2, "suicide": 2, "rescuing": 2, "infant": 2, "clumsily": 2, "handled": 2, "sombre": 2, "guilt": 2, "casts": 2, "paralysing": 2, "shadow": 2, "use": 3, "deep": 2, "focus": 2, "ravishing": 2, "soon": 2, "wearing": 2, "moral": 2, "meaning": 2, "welles": 2, "brought": 2, "citizen": 2, "kane": 2, "quietly": 2, "sly": 2, "critique": 2, "totalitarianism": 2, "favour": 2, "individual": 3, "cruelly": 2, "betrayed": 2, "end": 2, "suffering": 2, "often": 2, "russian": 2, "art": 2, "transmutes": 2, "sexless": 2, "dehumanised": 2, "hope": 2, "pity": 2}