{"odd": 3, "film": 7, "one": 5, "best": 2, "see": 3, "begins": 2, "jaded": 2, "professor": 3, "haranguing": 2, "class": 2, "students": 2, "audacity": 2, "incredibly": 2, "brilliant": 2, "tell": 2, "quickly": 2, "man": 2, "total": 2, "cynic": 2, "finding": 2, "value": 2, "practically": 2, "nothing": 2, "sticking": 2, "inner": 2, "sense": 2, "additionally": 2, "seems": 2, "tired": 2, "bored": 2, "monotony": 2, "later": 2, "walks": 2, "bank": 2, "robbery": 2, "manages": 2, "annoy": 2, "robbers": 2, "much": 2, "shoots": 2, "head": 2, "oddly": 2, "followed": 2, "bizarre": 2, "narration": 3, "final": 2, "seconds": 2, "life": 2, "becomes": 2, "exciting": 2, "style": 2, "like": 3, "literature": 2, "novels": 2, "intelligently": 2, "written": 2, "says": 2, "things": 2, "way": 2, "wish": 2, "could": 2, "say": 2, "weird": 2, "amazingly": 2, "compelling": 2, "anything": 2, "ever": 2, "seen": 2}