{"movie": 4, "really": 2, "choices": 2, "oppressed": 2, "state": 2, "affairs": 2, "seen": 2, "fire": 2, "good": 2, "women": 3, "obedient": 2, "correct": 2, "eyes": 2, "tradition": 2, "seemed": 2, "options": 3, "radha": 5, "sita": 3, "however": 2, "granted": 2, "option": 4, "life": 3, "without": 2, "desire": 3, "questions": 2, "ashok": 2, "yes": 2, "true": 2, "provides": 2, "us": 3, "number": 3, "many": 3, "take": 2, "depends": 2, "external": 2, "factors": 2, "world": 2, "confined": 2, "small": 2, "indian": 3, "household": 2, "dutiful": 4, "silent": 2, "observant": 2, "still": 2, "powerful": 2, "matriarch": 2, "wife": 3, "years": 2, "man": 3, "taken": 2, "vow": 2, "celibacy": 2, "due": 2, "able": 2, "child": 2, "wants": 2, "lying": 2, "next": 2, "prove": 2, "strength": 2, "eliminating": 2, "desires": 3, "felt": 3, "ladies": 2, "little": 2, "choice": 2, "find": 2, "solace": 2, "company": 2, "guess": 2, "fact": 2, "applauded": 2, "ms": 4, "mehta": 3, "work": 2, "provided": 2, "think": 2, "perhaps": 2, "unacceptable": 2, "lesbian": 2, "scenes": 3, "merely": 2, "put": 2, "point": 2, "across": 2, "every": 2, "scene": 3, "first": 2, "taj": 2, "mahal": 2, "last": 2, "mosque": 2, "etched": 2, "mind": 2, "frustrating": 2, "prisoner": 2, "feelings": 2, "feel": 2, "forgo": 2, "human": 3, "touch": 3, "expected": 2, "suppress": 2, "might": 2, "crave": 2, "meaning": 2, "existence": 2, "one": 2, "wonders": 2, "crying": 2, "alone": 2, "room": 2, "comes": 2, "comfort": 2, "lips": 2, "accidentally": 2, "brush": 2, "others": 2, "awakens": 2, "feeling": 2, "something": 2, "deprived": 2, "bravo": 2, "translating": 2, "vision": 2, "clearly": 2, "especially": 2, "like": 2, "flashbacks": 2, "young": 2, "trying": 2, "ocean": 2, "metaphor": 2, "freedom": 4, "choose": 2, "transport": 2, "places": 2, "would": 2, "normally": 2, "unable": 2, "reach": 2, "gently": 2, "told": 2, "sense": 2, "duty": 3, "also": 2, "passed": 2, "mother": 2, "assume": 2, "lives": 2, "within": 2, "rich": 2, "traditions": 2, "marriage": 2, "beautifully": 2, "filmed": 2, "enhanced": 2, "musical": 2, "score": 2, "rahman": 2, "since": 2, "film": 2, "become": 2, "ardent": 2, "fans": 2, "two": 2, "lead": 2, "actresses": 2, "director": 2, "look": 2, "forward": 2, "deepa": 2, "future": 2, "productions": 2}