{"three": 2, "children": 3, "born": 2, "exact": 2, "time": 2, "lunar": 2, "birthday": 4, "embark": 2, "killing": 2, "spree": 2, "bloody": 3, "typical": 2, "slasher": 3, "early": 3, "pretty": 2, "average": 2, "stuff": 2, "plenty": 2, "evil": 2, "never": 2, "generate": 2, "menace": 2, "almost": 2, "also": 2, "gore": 2, "scares": 2, "film": 2, "mildly": 2, "real": 2, "explanation": 2, "provided": 2, "kids": 2, "sudden": 2, "homicidal": 2, "murder": 2, "scenes": 2, "quite": 2, "gruesome": 2, "example": 2, "got": 2, "death": 2, "handgun": 2, "baseball": 2, "bat": 2, "skipping": 2, "rope": 2, "fan": 2, "movies": 2, "give": 2, "one": 2, "look": 2}