{"director": 2, "oldboy": 2, "comes": 3, "slick": 2, "vampire": 3, "flick": 2, "song": 4, "stars": 2, "priest": 2, "accidentally": 2, "changed": 2, "cured": 2, "deadly": 2, "mysterious": 2, "virus": 2, "vampirism": 4, "priesthood": 2, "quite": 2, "conflict": 2, "able": 2, "survive": 2, "robbing": 2, "hospital": 2, "blood": 3, "bank": 2, "unconscious": 2, "patients": 2, "might": 2, "mind": 2, "siphoned": 2, "supposedly": 2, "miraculous": 2, "survival": 2, "lives": 2, "shin": 4, "family": 2, "cancer": 2, "mother": 2, "believes": 2, "cure": 2, "unfortunately": 2, "raises": 2, "levels": 2, "lust": 2, "height": 2, "ca": 2, "help": 2, "fall": 2, "young": 2, "wife": 2, "kim": 4, "intensely": 2, "interested": 3, "world": 2, "two": 2, "become": 3, "lovers": 2, "film": 5, "goes": 2, "weird": 2, "directions": 2, "think": 2, "one": 4, "experience": 2, "really": 2, "mentioned": 2, "park": 3, "mastery": 2, "medium": 2, "cinema": 2, "god": 2, "rarely": 2, "seen": 2, "masterful": 2, "visual": 2, "artist": 2, "peak": 2, "powers": 2, "major": 2, "flaw": 2, "little": 2, "incoherent": 2, "especially": 2, "near": 2, "beginning": 2, "telling": 2, "stories": 2, "mostly": 2, "visuals": 2, "difficult": 2, "follow": 2, "times": 2, "works": 2, "man": 2, "fly": 2, "also": 2, "perversely": 2, "hilarious": 2, "final": 2, "sequence": 2, "easily": 2, "best": 3, "decade": 2, "simultaneously": 2, "heartbreaking": 2, "delightfully": 2, "ridiculous": 2, "worldwide": 2, "star": 2, "gives": 2, "performances": 2, "year": 2}