{"throughly": 2, "enjoyed": 2, "short": 2, "even": 2, "toronto": 4, "maple": 5, "leafs": 5, "fan": 2, "director": 2, "sheldon": 2, "cohen": 2, "narrator": 2, "roch": 2, "carrier": 2, "captured": 2, "boy": 2, "emotions": 2, "perfectly": 2, "feelings": 2, "hero": 2, "maurice": 2, "rocket": 2, "richard": 3, "excitement": 2, "anticipation": 2, "hope": 2, "getting": 2, "new": 2, "montreal": 3, "canadiens": 3, "sweater": 8, "soon": 2, "look": 2, "horror": 2, "face": 2, "got": 3, "mother": 2, "priceless": 2, "shame": 2, "wear": 3, "dreadful": 2, "eyes": 2, "blue": 2, "white": 2, "rouge": 2, "bleu": 2, "blanc": 2, "number": 2, "nine": 2, "like": 2, "old": 2, "worst": 2, "mum": 2, "made": 2, "house": 2, "could": 2, "envision": 2, "anticipate": 2, "ridicule": 2, "would": 2, "get": 2, "friends": 2, "hit": 2, "ice": 2, "wearing": 2, "laughing": 2, "whole": 2, "time": 2, "one": 2, "best": 2, "animated": 2, "shorts": 2}