{"understand": 4, "film": 16, "meant": 3, "indictment": 2, "indians": 3, "amazing": 2, "dares": 2, "investigate": 2, "hypocrisy": 2, "concerning": 2, "women": 5, "sexuality": 3, "known": 2, "time": 2, "sexism": 2, "common": 2, "society": 2, "murdered": 2, "husband": 6, "family": 3, "want": 2, "death": 2, "small": 2, "dowry": 2, "well": 5, "frequent": 2, "killing": 2, "female": 4, "fetuses": 2, "seen": 2, "curse": 2, "instead": 3, "blessing": 2, "also": 2, "realize": 2, "culture": 5, "greatly": 2, "offended": 2, "bottom": 2, "line": 2, "truth": 2, "subject": 3, "matter": 3, "even": 3, "strongly": 2, "attacked": 2, "debuted": 2, "india": 2, "decade": 2, "ago": 2, "result": 2, "extreme": 2, "misogyny": 2, "movie": 5, "western": 4, "audience": 3, "members": 2, "shocked": 2, "least": 3, "emotionally": 3, "pulled": 2, "plight": 2, "ladies": 3, "although": 3, "male": 2, "rabidly": 2, "feminist": 2, "straight": 2, "strong": 4, "positive": 2, "impact": 2, "agenda": 2, "enjoyed": 2, "lesbians": 2, "man": 5, "haters": 2, "fact": 2, "think": 2, "promoting": 2, "hatred": 2, "men": 2, "homosexuality": 3, "gives": 3, "credibly": 2, "argument": 2, "case": 3, "two": 3, "reasonable": 2, "alternative": 2, "due": 2, "wicked": 3, "husbands": 3, "yes": 2, "use": 2, "word": 2, "mean": 2, "living": 3, "large": 2, "household": 3, "intensely": 2, "selfish": 3, "regard": 2, "spouses": 2, "many": 2, "traditional": 4, "societies": 2, "indeed": 3, "doomed": 2, "empty": 2, "emotional": 5, "one": 3, "married": 5, "vivacious": 2, "young": 2, "woman": 4, "sita": 5, "obligation": 2, "arranged": 2, "marriage": 3, "uncomfortable": 2, "beginning": 2, "makes": 3, "attempt": 2, "connect": 2, "sullen": 2, "however": 4, "sees": 2, "victim": 2, "could": 4, "cared": 3, "less": 2, "continues": 2, "affair": 3, "chinese": 2, "lady": 5, "make": 2, "matters": 2, "worse": 2, "nothing": 3, "hide": 2, "made": 3, "apologies": 2, "dead": 2, "sex": 2, "purely": 2, "produce": 2, "children": 3, "way": 3, "sexual": 6, "needs": 4, "met": 2, "unfortunately": 2, "another": 3, "infertile": 2, "radha": 3, "oddly": 2, "initially": 2, "trying": 2, "gone": 2, "next": 4, "years": 2, "without": 2, "contact": 2, "whatsoever": 2, "decided": 2, "become": 2, "ascetic": 2, "hinduism": 2, "person": 2, "pleasures": 2, "world": 2, "gain": 2, "inner": 2, "enlightenment": 2, "wanting": 2, "good": 3, "already": 2, "obligations": 2, "wife": 3, "incredibly": 2, "act": 2, "like": 2, "brother": 2, "assumed": 2, "feelings": 2, "seem": 2, "care": 2, "closest": 2, "would": 2, "allow": 2, "sexually": 3, "sleep": 2, "helped": 2, "teach": 2, "overcome": 2, "desires": 2, "flesh": 2, "must": 3, "brought": 2, "frustration": 2, "got": 3, "neglected": 2, "normal": 2, "long": 2, "connection": 2, "outlet": 2, "eventually": 2, "bring": 2, "together": 2, "first": 2, "later": 2, "brilliant": 2, "look": 2, "cases": 2, "inevitable": 2, "healthy": 2, "compared": 2, "life": 2, "late": 2, "intensity": 2, "relationship": 2, "discovered": 2, "leads": 2, "totally": 2, "unexpected": 2, "reaction": 2, "enlightened": 2, "seeks": 2, "religious": 2, "insight": 3, "peace": 2, "yet": 2, "wrapped": 2, "true": 2, "growth": 2, "challenging": 2, "adult": 3, "little": 2, "nudity": 2, "show": 2, "kids": 3, "disturbing": 2, "minor": 2, "character": 2, "masturbates": 2, "front": 2, "old": 2, "paralyzed": 2, "said": 3, "let": 2, "watch": 3, "mature": 2, "excellent": 3, "highly": 2, "erotic": 2, "get": 2, "features": 2, "acting": 2, "complex": 2, "characters": 3, "writing": 2, "lovely": 2, "mood": 2, "music": 2, "slow": 2, "pace": 2, "might": 2, "annoy": 2, "found": 2, "rewarding": 2, "serious": 2, "negative": 2, "blame": 2, "idiots": 2, "released": 2, "videotape": 2, "english": 2, "accents": 2, "quite": 2, "times": 2, "always": 2, "easy": 2, "worst": 2, "part": 2, "closed": 2, "open": 2, "captions": 2, "including": 2, "audiences": 2, "see": 2, "find": 2, "dvd": 2, "hopefully": 2, "newer": 2, "release": 2, "video": 2, "captioning": 2, "mine": 2, "sure": 2, "director": 3, "deepa": 2, "mehta": 2, "popular": 2, "several": 2, "wonderful": 2, "films": 3, "earth": 2, "consistent": 2, "theme": 2, "conflict": 2, "indian": 2, "expectations": 2, "westernism": 2, "emphasis": 2, "surprisingly": 2, "home": 2, "canada": 2, "divorced": 2, "truly": 2, "unusual": 2, "say": 2, "similar": 2, "explores": 2, "meets": 2, "try": 2, "canadian": 2, "gem": 2, "eat": 2, "drink": 2}