{"absolutely": 2, "one": 2, "best": 2, "movies": 2, "seen": 2, "excellent": 2, "performances": 2, "marvelous": 2, "cast": 2, "move": 2, "smiles": 2, "laughter": 2, "tears": 2, "could": 2, "help": 2, "care": 2, "characters": 2, "merkerson": 2, "blow": 2, "away": 2, "young": 3, "man": 3, "playing": 2, "also": 2, "thought": 2, "set": 2, "design": 2, "viewer": 2, "really": 2, "placed": 2, "inside": 2, "era": 2, "presented": 2, "music": 2, "blast": 2, "nice": 2, "selections": 2, "represent": 2, "mood": 2, "time": 3, "place": 2, "blind": 2, "blues": 2, "stereotypic": 2, "delivers": 2, "great": 3, "songs": 2, "story": 2, "survive": 2, "many": 2, "repeated": 2, "viewings": 2, "take": 2, "watch": 2}