{"beloved": 2, "devoted": 2, "priest": 5, "small": 2, "town": 2, "volunteers": 2, "medical": 2, "experiment": 2, "fails": 2, "turns": 3, "vampire": 6, "physical": 2, "psychological": 2, "changes": 2, "lead": 2, "affair": 2, "wife": 3, "childhood": 2, "friend": 2, "repressed": 2, "tired": 2, "mundane": 2, "life": 2, "falls": 2, "deeper": 2, "despair": 2, "depravity": 2, "things": 3, "worse": 2, "struggles": 2, "maintain": 2, "whats": 2, "left": 2, "humanity": 2, "movie": 3, "really": 4, "extinct": 2, "thanks": 2, "poor": 2, "efforts": 2, "twilight": 2, "underworld": 2, "franchises": 2, "director": 3, "injects": 2, "new": 2, "blood": 2, "story": 3, "putting": 2, "simple": 2, "vampires": 2, "reflections": 2, "fangs": 2, "still": 2, "feed": 2, "die": 2, "making": 2, "main": 2, "protagonist": 2, "opens": 2, "worms": 2, "questioning": 2, "ones": 2, "acts": 2, "primarily": 2, "feeds": 2, "make": 2, "better": 2, "meets": 2, "friends": 2, "unfulfilled": 2, "carnal": 2, "instincts": 2, "set": 2, "makes": 3, "film": 4, "intensely": 2, "erotic": 2, "couple": 3, "consent": 2, "first": 2, "time": 2, "experiencing": 2, "something": 2, "never": 2, "forbidden": 2, "passion": 2, "scenario": 2, "adds": 2, "much": 2, "needed": 2, "humour": 2, "realised": 2, "final": 3, "third": 2, "see": 2, "daughter": 2, "lift": 2, "mother": 2, "chair": 3, "front": 2, "everyone": 2, "realises": 2, "strength": 2, "puts": 2, "carry": 3, "act": 2, "would": 3, "place": 2, "even": 2, "three": 2, "stooges": 2, "fight": 2, "cgi": 2, "subtle": 2, "fantastic": 3, "scenes": 2, "jumping": 2, "building": 3, "graceful": 2, "could": 2, "watching": 2, "genre": 2, "feels": 2, "fresh": 2, "vibrant": 2, "importantly": 2, "eroticism": 2, "intensity": 2, "films": 2, "missing": 2, "days": 2, "violent": 2, "question": 2, "expect": 2, "anything": 2, "interesting": 2, "characters": 2, "beautiful": 2, "cinematography": 2}