{"animated": 2, "shorts": 2, "get": 2, "much": 2, "better": 2, "wonderful": 2, "canadian": 4, "film": 3, "short": 2, "feature": 2, "dripping": 2, "references": 2, "probably": 2, "appreciated": 2, "canadians": 2, "basic": 2, "story": 3, "universal": 2, "told": 2, "lovingly": 2, "writer": 2, "roch": 2, "carrier": 2, "hilarious": 2, "known": 2, "quite": 2, "sometime": 2, "recently": 2, "fortunate": 2, "enough": 2, "see": 2, "simply": 2, "write": 2, "hearty": 2, "recommendation": 2, "masterpiece": 2, "whether": 2}