{"far": 3, "one": 2, "best": 2, "biographical": 2, "films": 2, "recent": 2, "times": 2, "go": 2, "put": 2, "ray": 2, "aviator": 2, "story": 3, "young": 2, "boy": 2, "lives": 2, "boarding": 2, "house": 2, "run": 2, "amazing": 2, "miss": 2, "rachael": 2, "aka": 2, "nanny": 3, "fall": 2, "love": 2, "woman": 2, "gives": 2, "around": 2, "epatha": 2, "merkerson": 2, "brings": 2, "character": 2, "life": 2, "beautifully": 2, "cast": 3, "members": 2, "praise": 2, "actor": 2, "way": 3, "played": 2, "roles": 2, "mention": 2, "everyone": 2, "entire": 2, "music": 2, "film": 5, "perfectly": 2, "blends": 2, "almost": 2, "dictates": 2, "goes": 2, "actually": 2, "entertaining": 3, "wo": 2, "bore": 2, "even": 2, "minute": 2, "highly": 2, "recommend": 2, "anyone": 2, "wanting": 2, "spend": 2, "evening": 2, "home": 2, "watching": 2, "smart": 2, "quality": 2}