{"epatha": 2, "merkerson": 3, "shines": 2, "nanny": 4, "touching": 2, "vibrant": 2, "look": 2, "life": 3, "ruben": 3, "santiago": 2, "marcus": 2, "franklin": 2, "growing": 2, "guardianship": 2, "film": 4, "gives": 2, "good": 2, "character": 2, "study": 2, "manages": 2, "capture": 2, "ups": 2, "downs": 2, "realistic": 2, "fashion": 2, "unlike": 2, "many": 3, "memoirs": 2, "made": 2, "supporting": 2, "cast": 2, "adds": 2, "much": 2, "spark": 2, "recognizable": 2, "faces": 2, "appear": 2, "smaller": 2, "roles": 2, "including": 2, "mos": 2, "def": 2, "macy": 2, "gray": 2, "terrence": 2, "dashon": 2, "howard": 2, "rosie": 2, "perez": 2, "louis": 2, "gossett": 2, "liev": 2, "schreiber": 2, "jimmy": 2, "smits": 2, "ernie": 2, "hudson": 2, "delroy": 2, "lindo": 2, "patricia": 2, "wettig": 2, "loses": 2, "steam": 2, "vibrancy": 2, "towards": 2, "end": 2, "ending": 2, "sequence": 2, "leaves": 2, "bittersweet": 2, "feeling": 2, "overall": 2, "great": 2, "truly": 2, "outstanding": 2, "performance": 2}