{"spoiler": 2, "alert": 2, "read": 2, "unless": 2, "prepared": 2, "think": 2, "film": 5, "lot": 7, "beneath": 2, "shell": 2, "besides": 2, "apparent": 2, "connections": 2, "oldboy": 2, "films": 2, "incestuous": 2, "relation": 2, "one": 3, "really": 4, "disturbed": 2, "also": 2, "subtle": 2, "erotic": 2, "theme": 2, "hung": 2, "around": 3, "vampiric": 2, "physical": 2, "main": 3, "actor": 2, "song": 2, "terrific": 2, "priest": 2, "coincidentally": 2, "sang": 2, "means": 2, "blood": 2, "languages": 2, "truly": 2, "loved": 2, "played": 2, "kim": 2, "relationship": 3, "reminds": 2, "martin": 2, "sheen": 2, "sissy": 2, "spacek": 2, "badlands": 2, "girl": 3, "appears": 2, "psychopathic": 2, "man": 2, "basically": 2, "wrapped": 2, "thing": 3, "mother": 2, "entirely": 2, "different": 2, "moving": 3, "stiff": 2, "taut": 2, "paralysed": 2, "says": 3, "wink": 2, "mastered": 2, "cinematography": 2, "owes": 2, "stanley": 2, "kubrick": 2, "whole": 2, "beautiful": 2, "shots": 2, "strewn": 2, "throughout": 2, "simple": 2, "effects": 2, "require": 2, "several": 2, "glances": 2, "probably": 2, "repeated": 2, "views": 2, "fully": 2, "music": 2, "quite": 2, "stock": 2, "using": 2, "mostly": 2, "strings": 2, "accompany": 2, "thespian": 2, "monoreaction": 2, "good": 2, "character": 2, "withdrawn": 2, "little": 3, "loses": 2, "seems": 2, "instead": 2, "person": 2, "thinks": 2, "actions": 2, "display": 2, "thought": 2, "behind": 2, "humble": 2, "disturbing": 2, "made": 2, "action": 2, "even": 2, "dimension": 2, "things": 2, "vampires": 2, "days": 2, "magnificent": 2, "repellant": 2, "time": 2}