{"centerpiece": 2, "lackawanna": 2, "blues": 2, "character": 4, "rachel": 2, "nanny": 4, "crosby": 2, "runs": 2, "boardinghouse": 4, "provides": 2, "unflagging": 2, "support": 2, "young": 2, "boy": 2, "ruben": 3, "narrator": 2, "film": 6, "based": 2, "upon": 2, "experiences": 2, "lovingly": 2, "recreates": 2, "upstate": 2, "new": 2, "york": 2, "evokes": 2, "cultural": 2, "climate": 2, "world": 2, "transition": 2, "first": 2, "half": 3, "virtually": 2, "music": 2, "second": 2, "addresses": 2, "completely": 2, "various": 2, "characters": 2, "ability": 2, "take": 2, "fragments": 2, "make": 2, "whole": 2, "affects": 2, "everyone": 2, "within": 2, "sphere": 2, "especially": 2, "vivid": 2, "scene": 2, "confronts": 2, "abusive": 2, "husband": 3, "telling": 2, "firmly": 2, "ever": 2, "touch": 2, "child": 2, "going": 2, "dance": 2, "delivered": 2, "actress": 2, "epatha": 2, "merkerson": 4, "line": 2, "steely": 2, "filled": 2, "resolve": 2, "temper": 2, "frozen": 2, "tracks": 2, "start": 2, "finish": 2, "delivers": 2, "commanding": 2, "presence": 2, "binds": 2, "together": 2, "disparate": 2, "lives": 2, "borders": 2, "home": 2, "touching": 2, "heartfelt": 2, "wonderful": 2, "cast": 2, "played": 2, "simply": 2, "radiates": 2, "love": 2, "experience": 2, "remember": 2, "long": 2, "time": 2, "come": 2}