{"sorry": 2, "extremely": 2, "clever": 2, "summary": 2, "phrase": 2, "know": 6, "thinking": 2, "really": 3, "could": 2, "help": 2, "meaning": 2, "see": 4, "birthday": 8, "long": 2, "time": 3, "must": 2, "say": 3, "pleasant": 2, "surprise": 3, "find": 2, "copy": 2, "film": 4, "accident": 2, "low": 3, "price": 2, "believe": 4, "live": 2, "small": 2, "south": 2, "american": 2, "village": 2, "things": 2, "unlikely": 2, "happen": 2, "real": 2, "shame": 2, "almost": 2, "completely": 2, "forgotten": 2, "one": 7, "movies": 3, "surprisingly": 3, "ages": 2, "well": 3, "enough": 2, "remain": 3, "watchable": 3, "nowadays": 2, "masterpiece": 2, "sure": 3, "still": 2, "entertaining": 2, "guess": 2, "unintentionally": 2, "funny": 4, "scenes": 4, "shocker": 2, "keep": 3, "mind": 2, "budget": 2, "flick": 2, "early": 2, "group": 2, "evil": 3, "children": 10, "kill": 3, "people": 5, "trust": 3, "movie": 6, "manages": 2, "respectable": 2, "story": 3, "revolves": 2, "around": 3, "three": 5, "born": 5, "total": 3, "eclipse": 4, "according": 2, "astrology": 2, "eclipses": 2, "sun": 2, "moon": 2, "block": 2, "saturn": 2, "controls": 2, "emotions": 2, "consequence": 2, "day": 5, "eventually": 2, "become": 2, "uncaring": 2, "since": 3, "experience": 2, "feelings": 2, "remorse": 2, "whatsoever": 2, "kids": 3, "gang": 2, "basically": 3, "everyone": 2, "stands": 2, "way": 3, "including": 2, "parents": 2, "siblings": 2, "body": 2, "count": 2, "increases": 2, "police": 2, "authorities": 2, "psychopath": 2, "lurking": 2, "place": 2, "meantime": 2, "debbie": 2, "curtis": 2, "steven": 2, "hesitate": 2, "butchering": 2, "nobody": 2, "seems": 2, "suspect": 2, "sweet": 2, "angel": 2, "faces": 2, "like": 3, "saying": 2, "said": 2, "truly": 2, "surprised": 2, "expecting": 2, "hilariously": 2, "bad": 3, "proved": 2, "wrong": 2, "true": 2, "exactly": 2, "would": 4, "consider": 2, "horror": 3, "fair": 2, "decently": 2, "executed": 2, "important": 2, "reasons": 2, "normally": 2, "expect": 2, "laughable": 3, "situations": 2, "kind": 2, "main": 2, "villains": 2, "young": 3, "actors": 5, "tend": 3, "plain": 2, "awful": 2, "make": 2, "whole": 2, "thing": 2, "let": 3, "face": 2, "horrible": 2, "understandable": 2, "ca": 3, "blame": 2, "played": 2, "merciless": 2, "killers": 3, "looked": 2, "disturbing": 2, "rest": 3, "also": 4, "good": 2, "george": 2, "clooney": 2, "fan": 2, "uncle": 2, "playing": 2, "doctor": 2, "yeah": 2, "right": 2, "cares": 2, "julie": 3, "brown": 2, "great": 3, "actress": 2, "singer": 2, "comedienne": 2, "gay": 2, "icon": 2, "gives": 2, "solid": 2, "performance": 2, "naughty": 2, "older": 2, "sister": 2, "case": 2, "anyone": 2, "interested": 2, "nudity": 2, "strips": 2, "looks": 2, "naked": 2, "screen": 2, "though": 2, "fabulous": 2, "p": 2, "fine": 2, "mood": 2, "modest": 2, "objection": 2, "regarding": 2, "justify": 2, "motives": 2, "perhaps": 2, "lowest": 2, "points": 2, "end": 2, "heartless": 2, "come": 3, "ones": 2, "actually": 2, "murdered": 2, "days": 2, "oh": 2, "overall": 2, "big": 2, "deal": 2, "simple": 3, "observation": 2, "seen": 2, "worse": 2, "take": 2, "example": 2, "precocious": 2, "killer": 2, "get": 2, "evilness": 2, "turned": 2, "zombies": 2, "toxic": 2, "cloud": 2, "far": 2, "decent": 2, "enjoy": 3, "slashers": 2, "going": 2, "invited": 2, "party": 2, "hosts": 2, "serving": 2, "delicious": 2, "poisoned": 2, "cake": 2, "guests": 2, "miss": 2}