{"whole": 2, "theory": 2, "horror": 3, "people": 3, "adhere": 2, "closely": 2, "monsters": 2, "violence": 2, "kept": 2, "park": 5, "throws": 2, "concept": 2, "completely": 2, "window": 3, "shows": 2, "directly": 2, "wants": 4, "show": 3, "pretty": 3, "much": 2, "anything": 4, "think": 2, "leaving": 2, "actors": 2, "dialog": 3, "create": 2, "subtlety": 2, "stylistic": 2, "perspective": 2, "seems": 2, "willing": 3, "get": 2, "point": 2, "across": 2, "whether": 2, "long": 2, "involved": 2, "ensemble": 2, "scenes": 4, "camera": 2, "whizzing": 2, "around": 2, "table": 2, "entire": 3, "weeks": 2, "confined": 2, "single": 2, "shot": 2, "two": 3, "bleeding": 2, "keep": 3, "specifically": 2, "structured": 2, "style": 2, "focuses": 2, "telling": 2, "story": 2, "couple": 2, "relationship": 2, "virginal": 3, "remove": 2, "utter": 3, "codependence": 2, "uses": 2, "vampirism": 3, "link": 2, "priestliness": 2, "drama": 2, "simple": 2, "complex": 2, "got": 2, "ta": 2, "give": 2, "credit": 2, "many": 2, "ready": 2, "compare": 2, "modern": 2, "vampire": 3, "movie": 3, "twilight": 3, "almost": 2, "always": 2, "lesser": 2, "works": 2, "stories": 2, "actually": 2, "comparable": 2, "one": 4, "raw": 2, "honest": 2, "none": 2, "sparkly": 2, "coming": 2, "night": 2, "talk": 2, "crap": 2, "ranging": 2, "dirtiest": 2, "desperate": 2, "sex": 2, "scene": 4, "eventual": 2, "spousal": 2, "abuse": 2, "leads": 2, "begin": 2, "vie": 2, "power": 3, "another": 2, "deal": 2, "guy": 4, "girl": 4, "meet": 2, "finds": 2, "decides": 2, "join": 2, "anyway": 2, "happily": 2, "ever": 2, "limited": 2, "time": 2, "become": 2, "forced": 2, "closer": 3, "run": 2, "options": 2, "motivations": 2, "particularly": 2, "interesting": 2, "desperately": 2, "craving": 2, "attention": 2, "fault": 2, "foiled": 2, "live": 2, "good": 2, "life": 2, "best": 2, "circumstances": 2, "hypocrite": 2, "admit": 2, "merely": 2, "using": 2, "excuse": 2, "act": 5, "moral": 2, "perfect": 2, "tend": 2, "stretch": 2, "three": 2, "five": 2, "structure": 2, "character": 2, "building": 2, "dysfunctional": 2, "romance": 2, "great": 2, "everything": 2, "frankly": 2, "honestly": 2, "delighting": 2, "sensibilities": 2, "tension": 2, "gore": 2, "also": 2, "provides": 2, "expertly": 2, "chosen": 2, "soundtrack": 2, "hit": 2, "emotional": 2, "effective": 2, "way": 2, "polarisdib": 2}