{"movie": 5, "complexity": 2, "subtlety": 2, "makes": 2, "one": 3, "short": 4, "films": 2, "ever": 2, "seen": 2, "topics": 2, "addresses": 2, "ugly": 2, "cynical": 2, "times": 2, "even": 2, "macabre": 2, "film": 2, "remains": 2, "beautiful": 2, "language": 2, "artful": 2, "camera": 2, "angles": 2, "gorgeous": 2, "style": 2, "skillfully": 2, "recreating": 2, "story": 2, "name": 2, "written": 2, "master": 2, "stories": 2, "tobias": 2, "wishing": 2, "spoil": 2, "anything": 2, "wo": 2, "go": 2, "details": 2, "say": 2, "magnificent": 2, "takes": 2, "pride": 2, "well": 2, "shows": 2, "important": 2, "memories": 2, "life": 2, "topped": 2, "single": 2, "elusive": 2, "feeling": 2, "unexpected": 2, "bliss": 2, "volition": 2, "created": 2, "feelings": 2, "main": 2, "character": 2, "tom": 2, "noonan": 2, "felt": 2, "words": 2, "transformed": 2, "existence": 2, "impressive": 2, "feat": 2}