{"watch": 2, "movie": 2, "almost": 2, "every": 2, "night": 2, "hbo": 2, "opinion": 2, "could": 2, "successful": 2, "theater": 2, "providing": 2, "advertisement": 2, "leading": 2, "top": 2, "scale": 2, "thoroughly": 2, "impressed": 2, "actress": 3, "played": 3, "nanny": 2, "outstanding": 2, "course": 2, "favorite": 2, "actor": 4, "terrance": 2, "howard": 2, "understated": 2, "deserves": 2, "much": 2, "credit": 2, "received": 2, "ebony": 2, "magazine": 2, "nice": 2, "article": 2, "giving": 2, "due": 2, "propers": 2, "lakawanna": 3, "blue": 2, "gave": 2, "understanding": 2, "stories": 2, "parents": 2, "use": 2, "tell": 2, "us": 2, "similar": 2, "town": 2, "philadelphia": 2, "pa": 2, "fun": 2, "junt": 2, "joints": 2, "also": 2, "like": 2, "say": 2, "mos": 2, "def": 2, "incredible": 2, "found": 2, "calling": 2, "seen": 2, "several": 2, "movies": 2, "variety": 2, "roles": 2, "thug": 2, "doctor": 2, "stuff": 2, "overall": 2, "please": 2, "put": 2, "blues": 2, "video": 2, "rental": 2}