{"director": 2, "park": 4, "returns": 2, "must": 2, "one": 2, "yuckiest": 2, "time": 3, "serious": 2, "vampire": 3, "flicks": 2, "movie": 2, "trusting": 2, "latest": 2, "hollywood": 2, "fad": 2, "vampires": 2, "days": 2, "supposed": 2, "rather": 2, "nonviolent": 2, "asexual": 2, "chevaliers": 2, "instead": 2, "evil": 2, "rampantly": 2, "sexual": 3, "yore": 2, "film": 2, "want": 3, "see": 2, "remember": 2, "sticky": 2, "thrills": 2, "past": 2, "well": 3, "least": 2, "second": 2, "starts": 2, "lengthy": 2, "character": 2, "exposition": 2, "culminating": 2, "slightly": 2, "different": 2, "love": 2, "story": 3, "transformation": 2, "priest": 2, "quite": 2, "sidelined": 2, "romantic": 2, "aspects": 2, "makes": 2, "awkward": 2, "viewing": 2, "last": 2, "minutes": 2, "surprisingly": 3, "gory": 2, "maybe": 2, "know": 2, "cyborg": 2, "ok": 2, "guess": 2, "fair": 2, "say": 2, "beats": 2, "earlier": 3, "films": 2, "terms": 2, "violence": 2, "warned": 2, "neither": 2, "art": 2, "cinema": 2, "horror": 2, "flick": 2, "may": 2, "disgusting": 2, "many": 2, "tame": 2, "original": 2, "entertaining": 2, "fortunately": 2, "little": 2, "less": 2, "weird": 2, "endeavors": 2}