{"many": 3, "movies": 5, "think": 3, "see": 3, "movie": 8, "like": 3, "ca": 2, "count": 2, "sure": 2, "seemed": 2, "makers": 2, "trying": 2, "give": 2, "hint": 2, "reminded": 2, "often": 2, "became": 2, "big": 2, "distraction": 2, "one": 3, "borrowed": 2, "memorable": 2, "lines": 2, "came": 2, "day": 2, "tomorrow": 2, "line": 2, "bad": 3, "borrows": 2, "much": 3, "becomes": 2, "despite": 2, "downfalls": 2, "enough": 3, "make": 3, "interesting": 2, "maybe": 2, "appear": 2, "clever": 2, "borrowing": 2, "never": 3, "goes": 2, "overboard": 2, "fact": 2, "probably": 2, "find": 2, "battening": 2, "hatches": 2, "riding": 2, "storm": 2, "costner": 4, "kutcher": 3, "played": 3, "characters": 3, "well": 4, "fan": 2, "nearly": 2, "gave": 2, "guardian": 2, "surfaced": 2, "good": 2, "fashion": 2, "carries": 2, "swimmingly": 2, "best": 2, "ability": 2, "robinson": 2, "anything": 2, "supporting": 2, "cast": 2, "around": 2, "parts": 3, "problem": 2, "end": 2, "used": 2, "save": 2, "wear": 2, "tear": 2, "enjoy": 2, "work": 3, "keep": 2, "head": 2, "water": 2, "expect": 2, "smooth": 2, "almost": 2}