{"finally": 2, "watched": 2, "third": 2, "film": 5, "mehta": 7, "trilogy": 2, "fire": 8, "begin": 2, "say": 3, "water": 6, "unquestionable": 2, "masterpiece": 2, "levels": 2, "comes": 2, "next": 2, "earth": 3, "close": 2, "behind": 2, "order": 2, "quality": 2, "much": 6, "going": 2, "need": 2, "viewings": 2, "drink": 2, "writing": 2, "superb": 3, "script": 3, "creating": 2, "friction": 2, "starts": 2, "entire": 2, "process": 2, "heat": 2, "beginning": 2, "end": 2, "really": 2, "erupt": 2, "conflicts": 2, "moving": 3, "complete": 2, "rupture": 2, "relationships": 3, "one": 2, "brave": 2, "lady": 2, "sees": 2, "clear": 2, "eye": 2, "jaundiced": 2, "false": 2, "repressive": 3, "great": 2, "society": 3, "came": 2, "india": 5, "rapidly": 2, "changing": 2, "days": 2, "economic": 2, "change": 2, "met": 2, "ferocious": 2, "opposition": 2, "making": 2, "cleared": 2, "shows": 2, "still": 3, "many": 4, "taboo": 3, "subjects": 2, "indian": 4, "people": 2, "less": 2, "look": 2, "squarely": 2, "face": 2, "examine": 2, "discuss": 2, "worse": 2, "someone": 2, "like": 5, "courage": 2, "hold": 2, "mirror": 2, "issues": 4, "faces": 2, "death": 2, "threats": 2, "thinks": 2, "pluralistic": 2, "tolerant": 2, "facts": 2, "always": 2, "whereas": 2, "merely": 2, "historical": 2, "setting": 2, "carnage": 2, "civil": 2, "war": 2, "independence": 2, "pointing": 2, "personal": 2, "social": 2, "religious": 3, "considered": 2, "strongly": 2, "negative": 2, "sense": 2, "open": 2, "artistic": 2, "dialog": 2, "years": 3, "away": 2, "write": 2, "scheduled": 2, "actually": 2, "shown": 2, "later": 2, "year": 2, "believe": 2, "see": 2, "confronts": 2, "similar": 2, "sexual": 3, "emotional": 2, "conundrum": 2, "saw": 2, "price": 2, "rubies": 2, "whether": 2, "arranged": 2, "marriages": 4, "used": 2, "among": 3, "jews": 2, "ago": 2, "modern": 3, "indians": 2, "risk": 2, "bad": 3, "match": 2, "forced": 2, "upon": 2, "men": 2, "women": 3, "plain": 2, "loveless": 3, "however": 2, "real": 2, "issue": 2, "clearly": 2, "impatient": 2, "totally": 2, "rigid": 2, "attitudes": 2, "either": 3, "keep": 3, "widows": 2, "misery": 2, "else": 2, "enslaved": 2, "expert": 2, "regarding": 2, "secular": 2, "hindu": 2, "laws": 2, "concerning": 2, "divorce": 3, "seems": 2, "imply": 2, "stigma": 2, "almost": 2, "sad": 2, "marriage": 2, "case": 2, "powerful": 2, "attempt": 2, "discourse": 2, "holds": 2, "probing": 2, "scrutiny": 2, "three": 2, "films": 3, "made": 2, "felt": 2, "unwarranted": 2, "attack": 2, "culture": 2, "sounds": 2, "predictable": 2, "clamor": 2, "mindset": 2, "forcing": 2, "looked": 2, "matter": 2, "flack": 2, "admire": 2, "work": 2, "highly": 2, "recommend": 2, "enough": 2, "disturbing": 2, "provocative": 2, "shattering": 2}