{"lackawanna": 2, "blues": 2, "moving": 2, "story": 5, "boy": 2, "raised": 2, "house": 2, "pretty": 2, "unusual": 2, "people": 2, "editing": 3, "soundtrack": 2, "really": 4, "pulls": 2, "lets": 2, "experience": 2, "film": 2, "way": 2, "writer": 3, "meant": 2, "music": 2, "tied": 2, "made": 3, "characters": 2, "come": 2, "life": 2, "progressive": 2, "captivating": 2, "also": 2, "surprised": 2, "performances": 2, "cast": 2, "notably": 2, "epatha": 2, "ca": 2, "wait": 2, "see": 2, "one": 2, "man": 2, "show": 2, "featuring": 2, "films": 2, "ruben": 2}