{"korean": 2, "cinema": 2, "ability": 2, "turn": 2, "genres": 2, "head": 2, "latest": 2, "celebrated": 2, "director": 2, "park": 2, "tale": 2, "good": 2, "pious": 2, "priest": 2, "becomes": 2, "vampire": 3, "add": 2, "temptress": 2, "leading": 2, "astray": 2, "cast": 2, "eccentrics": 2, "wonderful": 2, "directed": 2, "part": 2, "style": 2, "similar": 2, "sympathy": 2, "trilogy": 2, "sumptuous": 2, "dark": 4, "steering": 2, "clear": 2, "offer": 2, "new": 2, "tricks": 2, "overdone": 2, "genre": 2, "existential": 2, "movie": 2, "trying": 2, "capture": 2, "moral": 3, "conundrum": 2, "exactly": 2, "person": 2, "choose": 2, "live": 2, "conditions": 2, "rather": 2, "revel": 2, "blood": 2, "lust": 2, "however": 2, "film": 3, "take": 2, "seriously": 2, "boundless": 2, "humour": 3, "leads": 2, "play": 2, "roles": 2, "perfection": 2, "playing": 2, "emotions": 2, "revelling": 2, "moments": 2, "reflection": 2, "whole": 2, "conundrums": 2, "involved": 2, "never": 2, "preachy": 2, "might": 2, "find": 2, "overlong": 2, "lull": 2, "points": 2, "worth": 2, "giving": 2, "chance": 2, "like": 2, "left": 2, "field": 2, "films": 2, "fewer": 2, "better": 2, "one": 3, "late": 2, "engrossing": 2, "pull": 2, "crowd": 2, "recommend": 2, "give": 2, "try": 2}