{"watch": 2, "lackawanna": 2, "blues": 2, "every": 2, "time": 4, "comes": 2, "brings": 2, "back": 2, "happy": 2, "times": 2, "grow": 2, "big": 3, "city": 2, "reminds": 2, "child": 2, "although": 2, "situation": 2, "little": 2, "different": 2, "feels": 2, "makes": 2, "wonder": 2, "ever": 2, "know": 3, "families": 2, "lost": 2, "mama": 2, "day": 2, "age": 2, "see": 3, "takes": 2, "inspiration": 2, "hope": 2, "one": 2, "loved": 2, "movie": 6, "enough": 2, "relate": 2, "past": 2, "music": 2, "great": 3, "truly": 2, "felt": 2, "like": 3, "gone": 2, "theaters": 2, "would": 2, "paid": 2, "viewed": 2, "second": 2, "figured": 2, "life": 3, "superb": 2, "job": 2, "writing": 2, "producing": 2, "film": 4, "guess": 2, "better": 2, "produce": 2, "based": 2, "soon": 2, "obtaining": 2, "copy": 2, "home": 2, "use": 2, "alway": 2, "enjoy": 2, "black": 2, "producer": 2, "directors": 2, "make": 2, "feel": 2, "actually": 2, "living": 2, "right": 2, "thanks": 2}