{"previous": 2, "reviewer": 2, "claudio": 2, "carvalho": 2, "gave": 2, "much": 2, "better": 2, "recap": 2, "film": 3, "plot": 2, "details": 2, "could": 2, "recall": 2, "mostly": 2, "beautiful": 2, "every": 2, "sense": 2, "emotionally": 2, "visually": 2, "editorially": 2, "like": 2, "movies": 2, "wonderful": 2, "look": 2, "also": 2, "emotional": 2, "content": 2, "beauty": 2, "relevant": 2, "think": 3, "glad": 2, "seen": 2, "extraordinary": 2, "unusual": 2, "work": 2, "scale": 2, "give": 2, "reason": 2, "shy": 2, "away": 2, "mood": 4, "piece": 2, "really": 2, "artistic": 2, "romantic": 2, "definitely": 2, "none": 2, "us": 2, "time": 2, "overall": 2}