{"questions": 2, "sometimes": 2, "hover": 2, "us": 2, "answer": 3, "two": 2, "women": 3, "progressively": 2, "find": 2, "ensnared": 2, "arms": 2, "corny": 2, "expression": 2, "sounds": 2, "exactly": 2, "happens": 2, "fins": 2, "question": 2, "defines": 2, "relationship": 2, "society": 2, "name": 2, "deepa": 2, "mehta": 2, "somewhat": 2, "fire": 4, "first": 2, "loosely": 2, "connected": 2, "trilogy": 2, "linked": 2, "theme": 2, "elements": 2, "symbolic": 2, "consuming": 2, "uncontrolled": 2, "erotic": 2, "passion": 3, "make": 2, "appearance": 2, "since": 2, "older": 2, "feminine": 2, "radha": 2, "shabana": 2, "azmi": 2, "younger": 2, "masculine": 2, "tempered": 2, "sita": 2, "nandita": 2, "das": 2, "come": 2, "realize": 2, "share": 2, "lot": 2, "common": 2, "ideas": 2, "affection": 2, "stand": 2, "believe": 2, "despite": 2, "opposition": 2, "faced": 2, "traditional": 2, "husbands": 2, "families": 2, "water": 3, "deeply": 2, "spiritual": 2, "even": 3, "technically": 2, "falls": 2, "mode": 2, "sentimental": 2, "melodrama": 2, "much": 2, "like": 2, "weight": 2, "word": 2, "carries": 2, "stronger": 2, "meaning": 2, "ultimately": 2, "transcends": 2, "definition": 2, "beautiful": 2, "picture": 2, "strong": 3, "voice": 2, "director": 2}