{"worth": 2, "boning": 2, "hindu": 2, "pantheon": 2, "watching": 2, "film": 3, "three": 3, "main": 3, "female": 2, "deities": 3, "wise": 2, "sita": 2, "nurturing": 2, "lakshmi": 2, "kali": 2, "transformer": 2, "well": 2, "male": 2, "grave": 2, "rama": 2, "playful": 2, "krishna": 2, "shiva": 2, "ender": 2, "alluded": 2, "knowing": 2, "folklore": 2, "surely": 2, "every": 2, "indian": 2, "member": 2, "audience": 2, "lends": 2, "richness": 2, "telling": 2, "story": 2, "fact": 2, "one": 2, "folktale": 2, "enacted": 2, "first": 2, "stage": 2, "part": 2, "lesson": 2, "spirituality": 2, "movie": 2, "real": 2, "life": 2, "fire": 2, "speaks": 2, "misogyny": 2, "homophobia": 2, "society": 2, "producers": 2, "native": 2, "beauty": 2, "weaves": 2, "message": 2, "multiple": 2, "levels": 2, "viewer": 2, "awareness": 2, "making": 2, "deeply": 2, "satisfying": 2, "presentation": 2, "finest": 2, "seen": 2, "past": 2, "ten": 2, "years": 2, "highly": 2, "recommended": 2}