{"moment": 2, "let": 3, "put": 2, "aside": 2, "cultural": 3, "aspects": 2, "movie": 2, "even": 3, "important": 2, "side": 2, "look": 2, "simple": 2, "fact": 3, "nice": 3, "love": 4, "story": 2, "two": 4, "individuals": 3, "find": 2, "difficult": 2, "situation": 2, "caused": 2, "selfish": 2, "husbands": 2, "live": 2, "sad": 2, "days": 2, "without": 2, "ray": 2, "hope": 2, "one": 3, "women": 2, "alone": 2, "imagine": 2, "kind": 2, "life": 3, "would": 2, "accept": 3, "found": 3, "fell": 2, "social": 2, "religious": 2, "laws": 2, "environment": 2, "almost": 2, "irrelevant": 2, "loved": 2, "relief": 2, "sufficient": 2, "reaction": 2, "around": 2, "small": 2, "suffer": 2, "go": 2, "lives": 2}