{"cinematography": 3, "film": 14, "shining": 2, "feature": 2, "park": 9, "really": 3, "knows": 2, "stuff": 2, "comes": 2, "shooting": 2, "memorable": 3, "scenes": 4, "behind": 2, "camera": 2, "every": 3, "shot": 2, "filled": 2, "vibrant": 2, "colors": 2, "leap": 2, "screen": 2, "frame": 2, "seems": 2, "tell": 2, "story": 2, "hope": 2, "release": 2, "look": 2, "fantastic": 2, "rather": 3, "intriguing": 2, "see": 2, "elements": 2, "vampire": 3, "mythology": 3, "used": 2, "vision": 2, "drink": 2, "blood": 3, "survive": 2, "stay": 2, "looking": 2, "flawless": 2, "incredible": 2, "strength": 2, "vulnerable": 2, "sunlight": 2, "however": 2, "fangs": 2, "also": 2, "reflection": 2, "although": 2, "never": 2, "seen": 2, "could": 2, "help": 2, "feel": 3, "like": 5, "version": 3, "twilight": 3, "entire": 2, "middle": 3, "portion": 3, "devoted": 2, "love": 3, "one": 3, "another": 2, "felt": 2, "adult": 2, "lot": 2, "nudity": 2, "sex": 2, "even": 2, "obscenities": 2, "thrown": 2, "good": 2, "measure": 2, "maybe": 2, "fanboy": 2, "honestly": 2, "guarantee": 2, "better": 2, "two": 2, "psychological": 4, "aspect": 2, "previous": 2, "films": 4, "thirst": 6, "well": 2, "major": 2, "factor": 2, "causes": 2, "think": 2, "unusual": 2, "way": 2, "winds": 2, "becoming": 2, "fan": 2, "favorite": 2, "soundtracks": 2, "always": 3, "seem": 4, "fit": 3, "respective": 2, "glove": 2, "exception": 2, "soundtrack": 2, "bit": 2, "subtle": 2, "time": 3, "around": 2, "overall": 2, "atmosphere": 2, "drag": 2, "longer": 2, "everything": 2, "else": 2, "weird": 2, "though": 2, "crucial": 2, "storyline": 2, "hard": 2, "imagine": 2, "cut": 2, "nevertheless": 2, "nitpick": 2, "bites": 2, "puts": 2, "dark": 2, "twist": 3, "specific": 2, "formula": 2, "include": 2, "following": 2, "great": 2, "writing": 2, "beautiful": 2, "solid": 2, "cast": 2, "sort": 2, "mess": 2, "head": 2, "ending": 2, "delivers": 2, "fronts": 2, "hopefully": 3, "get": 2, "attention": 2, "deserved": 2, "theatrical": 2, "run": 2, "dvd": 2, "eventually": 2}