{"director": 2, "walt": 2, "disney": 12, "animator": 2, "ub": 3, "iwerks": 13, "changed": 2, "face": 3, "animation": 4, "release": 2, "first": 3, "installment": 2, "silly": 2, "symphonies": 2, "series": 3, "skeleton": 12, "dance": 11, "collaborating": 2, "together": 2, "since": 3, "early": 2, "cartoon": 2, "however": 5, "friendship": 2, "suffered": 2, "tremendous": 2, "blow": 2, "accepted": 2, "offer": 2, "competitor": 2, "leave": 2, "start": 2, "studio": 3, "birth": 2, "celebrity": 2, "productions": 2, "continued": 2, "developing": 2, "style": 2, "technique": 2, "created": 3, "character": 2, "flip": 2, "frog": 2, "work": 4, "kept": 2, "high": 3, "quality": 3, "really": 2, "popular": 2, "closed": 2, "later": 3, "year": 2, "hired": 2, "columbia": 2, "pictures": 2, "decided": 2, "return": 2, "old": 2, "skeletons": 6, "another": 3, "time": 3, "frolics": 5, "essentially": 2, "remake": 2, "classic": 2, "movie": 2, "borough": 2, "fame": 2, "fortune": 2, "like": 2, "short": 2, "film": 13, "set": 3, "abandoned": 2, "graveyard": 2, "midnight": 2, "creatures": 2, "night": 2, "come": 2, "alive": 2, "begin": 5, "play": 3, "dead": 2, "rise": 3, "coffins": 2, "ready": 2, "show": 3, "group": 3, "formed": 2, "orchestra": 4, "happy": 2, "tune": 3, "easy": 3, "musician": 2, "made": 3, "bones": 2, "members": 2, "problems": 3, "body": 3, "parts": 3, "band": 2, "manages": 2, "put": 2, "good": 2, "lovely": 2, "couple": 2, "faces": 2, "troubled": 2, "hard": 2, "loose": 2, "everything": 2, "ends": 2, "dawn": 2, "sun": 2, "run": 2, "towards": 2, "directed": 2, "animated": 2, "follows": 2, "faithfully": 2, "pattern": 2, "years": 2, "although": 3, "crucial": 2, "difference": 2, "whole": 2, "technicolor": 2, "bright": 2, "tonalities": 2, "allowed": 2, "create": 2, "visually": 3, "appealing": 2, "also": 2, "use": 2, "many": 2, "new": 2, "techniques": 2, "practicing": 2, "leaving": 3, "creating": 2, "even": 2, "better": 4, "effects": 3, "depth": 2, "dynamism": 2, "conceived": 2, "certainly": 2, "experimental": 2, "sadly": 2, "mean": 2, "necessarily": 2, "starters": 2, "practically": 2, "identical": 2, "one": 4, "differences": 2, "music": 3, "color": 2, "looks": 2, "beautiful": 2, "doubt": 2, "definitely": 3, "feels": 2, "kind": 3, "unoriginal": 2, "unoriginality": 2, "concept": 2, "truly": 2, "hurts": 2, "executes": 2, "wonderful": 2, "way": 2, "fact": 2, "musical": 4, "melody": 2, "joe": 2, "denat": 3, "pretty": 2, "uninteresting": 2, "lacks": 2, "charming": 2, "elegance": 2, "whimsical": 2, "fun": 3, "done": 2, "carl": 2, "stalling": 3, "words": 2, "effective": 2, "appropriate": 2, "theme": 2, "forget": 2, "rapidly": 2, "song": 2, "unique": 2, "personality": 2, "makes": 2, "unforgettable": 2, "importance": 2, "mediocrity": 2, "brings": 2, "iwerk": 3, "flawless": 2, "personally": 2, "think": 2, "accompaniment": 2, "would": 2, "remembered": 2, "fondly": 2, "despite": 3, "groundbreaking": 2, "still": 3, "sad": 2, "forgotten": 2, "due": 2, "poor": 2, "success": 2, "must": 2, "said": 2, "lacked": 2, "popularity": 2, "fleischer": 2, "main": 2, "rival": 2, "lack": 2, "companies": 2, "films": 2, "probably": 2, "case": 2, "bad": 2, "luck": 2, "man": 2, "gave": 2, "life": 2, "mouse": 2, "failure": 2, "shortcomings": 2, "funny": 2, "breathtaking": 2, "exactly": 2, "original": 2, "fresh": 2, "ca": 2, "help": 2, "thinking": 2, "watching": 2, "reminds": 2, "us": 3, "haunt": 2, "inspire": 2}