{"anyone": 2, "appreciates": 2, "fine": 2, "acting": 2, "ringing": 2, "dialogue": 2, "love": 2, "film": 2, "taken": 2, "ronald": 2, "sides": 2, "harwood": 2, "funny": 2, "ultimately": 2, "excoriating": 2, "analysis": 2, "relationship": 2, "two": 2, "types": 2, "albert": 2, "finney": 2, "sublime": 2, "despotic": 2, "shakespearean": 2, "actor": 2, "barely": 2, "notices": 2, "world": 2, "war": 2, "raging": 2, "around": 2, "intent": 2, "crumbling": 2, "fortunes": 2, "theatre": 2, "company": 2, "psychological": 2, "emotional": 2, "tom": 2, "courtenay": 2, "matchless": 2, "norman": 2, "title": 2, "whose": 2, "apparent": 2, "devotion": 2, "turns": 2, "anything": 2, "really": 2, "must": 2, "see": 2}