{"seen": 2, "story": 2, "kids": 2, "boy": 2, "troubled": 3, "past": 3, "joins": 2, "military": 2, "faces": 2, "falls": 2, "love": 3, "becomes": 2, "man": 3, "mentor": 2, "time": 2, "played": 3, "perfectly": 2, "kevin": 2, "costner": 4, "ordinary": 2, "common": 2, "everyday": 2, "problems": 2, "lives": 3, "extraordinary": 2, "conviction": 2, "save": 2, "losing": 2, "team": 2, "takes": 2, "teaching": 2, "position": 2, "training": 2, "next": 2, "generation": 2, "heroes": 2, "young": 2, "recruit": 2, "kutcher": 2, "scenes": 3, "local": 2, "interest": 2, "tad": 2, "stiff": 2, "generate": 2, "enough": 2, "heat": 2, "melt": 2, "butter": 2, "compliments": 2, "well": 3, "never": 2, "really": 2, "understood": 2, "sela": 2, "ward": 2, "neglected": 2, "wife": 2, "felt": 2, "wanted": 2, "quit": 2, "concern": 2, "safety": 2, "opposed": 2, "selfish": 2, "needs": 2, "presence": 2, "screen": 2, "pleasure": 2, "two": 3, "unaccredited": 2, "stars": 2, "movie": 5, "coast": 2, "guard": 2, "sea": 2, "powerful": 2, "forces": 2, "taken": 2, "granted": 2, "real": 2, "life": 2, "slow": 2, "spots": 2, "could": 2, "used": 2, "wasted": 2, "minutes": 2, "strengthen": 2, "character": 2, "relationships": 2, "still": 2, "works": 2, "rescue": 2, "intense": 2, "filmed": 2, "edited": 2, "provide": 2, "maximum": 2, "impact": 2, "earns": 2, "audience": 2, "applause": 3, "sons": 2}