{"even": 2, "bad": 3, "julie": 10, "andrews": 2, "musical": 7, "worth": 2, "watching": 2, "fact": 2, "quite": 3, "entertaining": 3, "actually": 2, "fascinating": 3, "study": 3, "trying": 3, "manipulate": 2, "star": 3, "break": 2, "goody": 3, "two": 2, "shoes": 2, "mold": 2, "plays": 2, "german": 6, "hall": 2, "actress": 2, "subsequently": 2, "went": 2, "take": 3, "top": 2, "movie": 6, "play": 3, "drag": 2, "queen": 2, "victor": 2, "victoria": 2, "girls": 2, "usually": 2, "hubby": 2, "blake": 6, "edward": 2, "admittedly": 2, "problematic": 2, "hard": 2, "feel": 2, "character": 2, "spy": 5, "want": 2, "love": 2, "wrong": 2, "side": 2, "law": 2, "probably": 2, "flopped": 2, "mary": 2, "poppins": 2, "maria": 3, "van": 2, "trapp": 3, "suddenly": 3, "romance": 2, "seems": 2, "happen": 2, "overnight": 2, "come": 2, "nowhere": 2, "never": 2, "mind": 2, "jullie": 2, "oh": 2, "mention": 2, "hunky": 2, "rock": 2, "hudson": 2, "gives": 2, "glowing": 2, "wonderful": 3, "performance": 2, "comedy": 3, "buff": 2, "miss": 2, "great": 2, "ww": 2, "songs": 2, "nice": 2, "tunes": 2, "yes": 2, "film": 2, "plot": 2, "holes": 2, "times": 2, "seem": 2, "logical": 2, "example": 2, "uncle": 2, "pursued": 2, "germans": 2, "minute": 2, "ago": 2, "spying": 2, "another": 4, "note": 2, "cares": 2, "numbers": 2, "fun": 2, "exciting": 2, "costumes": 2, "scenery": 2, "extraordinarily": 2, "lavish": 2, "cinematography": 2, "annoying": 2, "idiot": 2, "detectives": 2, "edwards": 2, "puts": 2, "movies": 2, "yawn": 2, "desperately": 2, "change": 3, "image": 4, "imagine": 2, "dinner": 2, "need": 2, "make": 2, "clothes": 2, "transvestite": 2, "wo": 2, "recognize": 2, "death": 2, "von": 2, "changing": 2, "must": 2, "see": 2, "buffs": 2, "much": 2}