{"suppose": 2, "like": 2, "film": 8, "well": 3, "know": 3, "perfect": 2, "title": 3, "americanization": 4, "lily": 2, "charming": 2, "memorable": 2, "satire": 2, "might": 4, "suggest": 2, "appreciated": 2, "still": 2, "loved": 2, "recognized": 3, "special": 2, "blake": 4, "spirit": 2, "gentleness": 2, "clever": 2, "humor": 2, "solid": 2, "narrative": 3, "improbably": 2, "delightful": 3, "follows": 2, "lili": 11, "smith": 3, "spy": 4, "germans": 2, "much": 2, "simpler": 2, "less": 2, "war": 3, "schmidt": 2, "passing": 2, "helping": 2, "uncle": 4, "patriotic": 2, "germany": 2, "neither": 2, "cruel": 2, "political": 2, "merely": 2, "opportunistic": 2, "target": 2, "william": 3, "larrabee": 7, "charismatic": 2, "squadron": 4, "leader": 2, "supply": 2, "valuable": 2, "information": 2, "plot": 2, "thickens": 2, "comes": 3, "falls": 2, "love": 2, "eyes": 2, "opened": 2, "consequences": 2, "playing": 2, "sees": 2, "effects": 2, "combat": 2, "wounded": 2, "men": 4, "hospital": 2, "realizes": 3, "mean": 2, "met": 2, "likes": 2, "gets": 2, "jealous": 2, "rival": 3, "affections": 2, "longer": 2, "gives": 2, "business": 2, "logical": 2, "end": 2, "terrible": 2, "wwi": 2, "ended": 2, "sings": 2, "theme": 2, "song": 2, "wishing": 2, "darkened": 2, "theater": 2, "one": 3, "members": 2, "appear": 2, "including": 3, "lover": 2, "indicating": 2, "forgiven": 2, "former": 2, "opponents": 2, "even": 2, "kurt": 3, "enthusiastically": 2, "joins": 2, "singing": 2, "long": 2, "tipperraree": 2, "indicate": 2, "world": 3, "audacious": 2, "sometime": 2, "brilliant": 2, "story": 2, "idea": 2, "written": 2, "director": 2, "edwards": 3, "peter": 2, "blatty": 2, "john": 2, "goldfarb": 2, "fame": 2, "inebriate": 3, "keeps": 2, "crashing": 2, "lovable": 2, "types": 2, "populate": 2, "lively": 2, "feel": 2, "stylish": 2, "glowing": 2, "almost": 3, "epic": 2, "scope": 2, "realization": 2, "credit": 2, "must": 2, "go": 2, "jack": 3, "bear": 2, "donald": 2, "brooks": 2, "costume": 2, "creations": 2, "reg": 2, "allen": 2, "stevens": 2, "sets": 2, "fernando": 2, "carrere": 2, "another": 2, "beautiful": 4, "production": 2, "design": 2, "henry": 2, "mancini": 2, "sensitive": 2, "appropriate": 2, "musical": 2, "score": 2, "russell": 2, "harlan": 2, "shining": 2, "cinematography": 2, "footage": 2, "principal": 2, "actors": 3, "julie": 2, "andrews": 2, "rock": 2, "hudson": 2, "keremy": 2, "kemp": 2, "outstanding": 2, "michael": 2, "witney": 2, "lance": 2, "percival": 2, "pilot": 2, "gorgeous": 2, "gloria": 2, "paul": 2, "stripteasing": 2, "many": 3, "fine": 2, "smaller": 2, "parts": 2, "hard": 2, "say": 2, "enough": 2, "nice": 2, "things": 2, "pace": 2, "cleverness": 2, "broad": 2, "comedy": 3, "element": 2, "introduced": 2, "leaven": 2, "horrors": 2, "actual": 2, "warfare": 2, "example": 2, "approach": 2, "made": 2, "back": 2, "era": 2, "human": 2, "civilization": 2, "also": 2, "helps": 2, "prepare": 2, "way": 2, "conversion": 2, "uncritical": 2, "acceptance": 3, "duty": 2, "german": 2, "state": 2, "reality": 2, "potentially": 2, "may": 2, "causing": 2, "rare": 2, "assertion": 2, "real": 2, "among": 2, "others": 2, "tragedy": 2, "happen": 2, "haunting": 2, "find": 2, "ways": 2, "consider": 2, "directing": 2, "believe": 2, "hardly": 2, "changes": 2, "polished": 2, "sapphire": 2, "every": 2, "standard": 2}