{"park": 4, "hand": 3, "guy": 2, "eyes": 2, "brilliant": 3, "director": 3, "turn": 2, "genre": 2, "often": 2, "provides": 2, "something": 2, "refreshing": 2, "yet": 3, "still": 2, "ultimately": 2, "thirst": 2, "essentially": 2, "vampire": 3, "tale": 2, "one": 4, "plays": 3, "fast": 2, "loose": 2, "rules": 2, "subgenre": 2, "song": 3, "father": 2, "man": 5, "unselfishly": 3, "gives": 2, "research": 2, "program": 2, "kind": 2, "catches": 2, "disease": 2, "trying": 2, "cure": 2, "dies": 2, "comes": 2, "back": 3, "thanks": 2, "blood": 3, "transfused": 2, "five": 2, "hundred": 2, "survive": 2, "becomes": 3, "quite": 2, "celebrity": 2, "know": 2, "wants": 2, "get": 4, "normal": 3, "however": 2, "involves": 2, "able": 2, "leap": 2, "great": 3, "distances": 2, "without": 2, "injury": 2, "wanting": 2, "drink": 2, "getting": 2, "severely": 2, "hot": 2, "collar": 2, "rays": 2, "sun": 2, "skin": 2, "long": 2, "living": 2, "rather": 2, "dysfunctional": 2, "family": 2, "unit": 2, "knew": 2, "childhood": 2, "hides": 2, "new": 2, "strange": 2, "lifestyle": 2, "finds": 2, "drawn": 2, "complex": 2, "love": 3, "triangle": 2, "becoming": 2, "acceptable": 2, "darker": 2, "thoughts": 2, "sliding": 2, "slippery": 2, "slope": 2, "could": 3, "lead": 2, "beast": 2, "deftly": 2, "blending": 2, "number": 3, "genres": 2, "movie": 5, "felt": 3, "much": 2, "fresher": 2, "original": 2, "let": 2, "right": 2, "use": 2, "recent": 2, "example": 2, "genuinely": 2, "impressed": 2, "approach": 3, "material": 2, "easily": 2, "rehashed": 2, "movies": 2, "seen": 2, "years": 2, "mixture": 2, "horror": 2, "melodrama": 2, "comedy": 2, "also": 3, "pondering": 2, "ideas": 2, "strength": 2, "faith": 2, "power": 2, "life": 2, "death": 2, "downside": 2, "immortality": 2, "etc": 2, "people": 2, "complained": 2, "weakens": 2, "personally": 2, "found": 2, "lively": 2, "entertaining": 2, "always": 3, "enjoyable": 2, "helped": 2, "central": 2, "performance": 2, "tortured": 2, "priest": 3, "fantastic": 2, "turns": 2, "supporting": 2, "cast": 2, "weak": 2, "links": 2, "many": 2, "characters": 2, "move": 2, "range": 2, "emotions": 2, "skill": 2, "believability": 2, "especially": 2, "young": 2, "woman": 2, "played": 2, "kim": 2, "object": 2, "lust": 2, "fans": 3, "asian": 2, "cinema": 2, "particular": 2, "poe": 2, "heart": 2, "watch": 2, "learn": 2, "lap": 2, "another": 2, "classy": 2, "seems": 2, "take": 2, "everything": 2, "stride": 2, "manages": 2, "put": 2, "nothing": 2, "less": 2, "solid": 2, "see": 2, "like": 2, "cronos": 2, "near": 2, "dark": 2, "dellamorte": 2, "dellamore": 2, "aka": 2, "cemetery": 2}