{"sir": 5, "played": 3, "lear": 2, "times": 2, "tonight": 2, "ca": 2, "remember": 2, "opening": 2, "mirror": 2, "eyes": 2, "reflect": 2, "king": 2, "madness": 3, "dresser": 6, "prompts": 2, "gently": 2, "mouthing": 2, "air": 2, "desperation": 2, "great": 6, "actor": 5, "knowing": 4, "powers": 2, "slipping": 2, "away": 2, "valet": 2, "cum": 4, "major": 2, "domo": 2, "conscience": 2, "surrogate": 2, "wife": 2, "aware": 2, "boss": 2, "decline": 2, "powerless": 2, "ease": 2, "passing": 2, "really": 2, "love": 2, "story": 2, "years": 2, "become": 2, "mutually": 2, "dependent": 2, "one": 3, "another": 2, "extent": 2, "neither": 2, "conceive": 2, "future": 2, "without": 3, "set": 2, "second": 3, "world": 3, "war": 2, "concerns": 2, "fortunes": 2, "frankly": 2, "rate": 2, "touring": 2, "shakespearean": 2, "company": 3, "comprising": 2, "equal": 2, "number": 2, "beens": 2, "wannabes": 2, "led": 2, "theatrical": 3, "knight": 2, "might": 3, "kindly": 2, "called": 2, "old": 2, "school": 2, "part": 2, "playing": 3, "grabs": 2, "centre": 2, "stage": 3, "bellows": 2, "footlights": 2, "bullying": 2, "audience": 2, "somewhere": 2, "inside": 2, "buried": 2, "time": 2, "deep": 2, "beneath": 2, "ham": 3, "regularly": 2, "dishes": 2, "still": 5, "remains": 2, "occasional": 2, "glitter": 2, "earlier": 2, "catch": 2, "glimpse": 2, "audiences": 2, "fervently": 2, "hope": 2, "mr": 7, "cleverly": 2, "concentrates": 2, "often": 2, "point": 2, "caricature": 2, "ready": 2, "dismiss": 2, "performance": 3, "mere": 2, "hyperbole": 2, "bluster": 2, "produce": 2, "moment": 2, "exquisite": 2, "subtlety": 2, "vulnerability": 2, "makes": 2, "realise": 2, "goes": 2, "easy": 2, "write": 2, "portrayal": 2, "norman": 6, "exercise": 2, "middle": 3, "aged": 2, "effeminate": 2, "rather": 4, "camp": 2, "sashaying": 2, "way": 3, "life": 2, "enjoying": 2, "girls": 2, "loving": 2, "wicked": 2, "insider": 2, "gossip": 2, "rife": 2, "theatre": 4, "strongly": 2, "suspect": 2, "many": 3, "men": 3, "like": 2, "kind": 2, "patient": 2, "plays": 2, "actors": 2, "run": 2, "backstage": 2, "wisdom": 3, "believe": 2, "vast": 2, "majority": 2, "would": 2, "hoot": 2, "approving": 2, "laughter": 2, "courtenay": 5, "portrait": 2, "saw": 2, "london": 2, "perceived": 2, "subdued": 2, "movie": 4, "freddie": 2, "jones": 2, "huge": 2, "acclaim": 2, "memorable": 2, "overshadowed": 2, "reducing": 2, "also": 2, "ran": 2, "opposed": 2, "level": 2, "idea": 2, "almost": 2, "incomplete": 2, "went": 2, "right": 2, "window": 2, "reduced": 2, "puppet": 2, "sure": 2, "ronald": 2, "harwood": 2, "intended": 2, "made": 2, "breathtaking": 2, "messrs": 2, "finney": 2, "redress": 2, "balance": 2, "restoring": 2, "equality": 2, "relationship": 2, "come": 2, "long": 2, "since": 2, "early": 2, "appearances": 2, "british": 3, "new": 2, "wave": 2, "pictures": 2, "became": 2, "darlings": 2, "vaguely": 2, "leftish": 2, "class": 2, "ashamed": 2, "cinema": 2, "virtually": 2, "committed": 2, "hari": 2, "kiri": 2, "quietly": 2, "concentrated": 2, "apart": 2, "roles": 2, "keep": 2, "wolf": 2, "renaissance": 2, "substantial": 2, "movies": 2, "appeared": 2, "blinking": 2, "unaccustomed": 2, "bright": 2, "marked": 2, "return": 2, "fizzing": 2, "energy": 2, "talent": 2, "shouting": 2, "large": 2, "big": 2, "assuredly": 2}