{"well": 3, "portrayal": 2, "lesbian": 3, "love": 3, "story": 3, "fire": 3, "also": 2, "comic": 4, "satire": 4, "indian": 2, "culture": 3, "find": 2, "quality": 2, "little": 2, "appreciated": 2, "movie": 4, "two": 2, "genres": 2, "deep": 2, "meaningful": 2, "usually": 2, "mix": 2, "together": 2, "oil": 2, "water": 2, "mehta": 4, "somehow": 2, "manages": 3, "achieve": 3, "balance": 2, "near": 2, "perfection": 2, "servant": 2, "jatin": 2, "behaviour": 2, "family": 2, "treatment": 2, "bedridden": 2, "grandmother": 2, "constant": 2, "inescapable": 2, "presence": 2, "ashok": 2, "obsession": 2, "swami": 2, "teachings": 2, "coming": 3, "much": 3, "like": 2, "india": 2, "things": 2, "immediately": 2, "identify": 2, "typical": 2, "crying": 2, "pointed": 2, "ridiculed": 2, "developing": 2, "primary": 2, "subject": 2, "matter": 2, "secondary": 2, "theme": 2, "skillfully": 2, "fact": 2, "humour": 2, "film": 3, "provides": 2, "essential": 2, "relief": 2, "heavy": 2, "subjects": 2, "taboo": 2, "gender": 2, "issues": 2, "stem": 2, "seemingly": 2, "ordinary": 2, "flows": 2, "serious": 2, "great": 2, "brilliant": 2, "use": 2, "symbolic": 2, "devices": 2, "radha": 4, "compared": 2, "sita": 2, "legend": 2, "unscathed": 2, "therefore": 2, "pure": 2, "lifelong": 2, "desire": 2, "young": 2, "see": 2, "ocean": 2, "finally": 2, "achieved": 2, "gains": 2, "freedom": 2, "kudos": 2, "shabana": 2, "azmi": 2, "lighting": 2, "crew": 2, "deepa": 2, "talents": 2, "made": 2, "special": 2, "one": 2, "criticism": 2, "first": 2, "scenes": 3, "seemed": 2, "rather": 2, "disjointed": 2, "flow": 2, "verdict": 2, "nothing": 2, "less": 2, "burned": 2, "mind": 2}