{"great": 3, "film": 11, "every": 2, "sense": 2, "word": 2, "tackles": 2, "subject": 2, "tribadism": 2, "society": 3, "quite": 6, "intolerant": 2, "deviations": 2, "norm": 2, "criticises": 2, "many": 3, "indian": 2, "customs": 2, "find": 3, "oppressive": 2, "arranging": 2, "marriages": 3, "others": 3, "importance": 2, "status": 2, "face": 2, "religious": 2, "hypocrisy": 2, "sexism": 2, "valuation": 2, "women": 2, "terms": 2, "capacity": 2, "binding": 2, "concepts": 2, "duty": 2, "heart": 2, "touching": 3, "love": 2, "story": 3, "goes": 2, "beyond": 2, "limitations": 2, "two": 4, "protagonists": 2, "genuine": 2, "completely": 3, "believable": 2, "beginning": 4, "end": 3, "unlike": 2, "bollywood": 2, "flicks": 2, "main": 2, "faults": 3, "saw": 2, "first": 2, "lovers": 2, "seem": 3, "drawn": 2, "one": 2, "another": 3, "necessarily": 2, "natural": 2, "affinity": 2, "much": 3, "fact": 2, "stuck": 3, "passion": 2, "rewards": 2, "may": 4, "play": 2, "part": 2, "sexual": 2, "awakening": 2, "characters": 5, "people": 4, "situation": 2, "turn": 3, "homosexual": 3, "seems": 2, "clear": 4, "heterosexual": 2, "radha": 3, "scene": 2, "movie": 3, "aashok": 2, "makes": 2, "without": 2, "desire": 3, "dead": 2, "implication": 2, "desired": 2, "could": 2, "fulfilled": 2, "also": 2, "sita": 3, "seemed": 3, "disappointed": 2, "husband": 2, "like": 2, "situations": 2, "homosexuals": 2, "seek": 2, "comfort": 2, "position": 2, "inthe": 2, "made": 2, "lesbians": 2, "opposite": 2, "bisexual": 2, "true": 2, "tend": 2, "either": 2, "case": 3, "ladies": 2, "insensitive": 2, "jerks": 2, "husbands": 2, "would": 2, "naturally": 2, "found": 2, "need": 2, "express": 2, "relationship": 3, "otherwise": 2, "considered": 2, "ignores": 2, "fault": 2, "naming": 2, "names": 3, "contrived": 2, "deliberately": 2, "shock": 2, "outrage": 2, "imagine": 2, "america": 2, "depicting": 2, "gay": 2, "man": 2, "named": 3, "jesus": 2, "paul": 2, "using": 2, "associated": 2, "various": 2, "hindoo": 2, "scriptures": 2, "strong": 2, "enough": 2, "stand": 2, "needs": 2, "devices": 2, "opinion": 2, "rate": 2, "take": 2, "away": 2, "power": 2, "indeed": 2, "powerful": 2, "images": 2, "stay": 2, "long": 2, "time": 2, "leave": 2, "theatre": 2}