{"three": 2, "kids": 3, "born": 2, "solar": 2, "eclipse": 2, "turn": 2, "vile": 2, "murderous": 2, "little": 2, "tykes": 2, "suspicion": 2, "everyone": 2, "save": 2, "joyce": 2, "lori": 2, "lethin": 2, "younger": 2, "brother": 2, "timmy": 2, "story": 2, "nutshell": 2, "acting": 2, "one": 4, "tolerable": 2, "part": 3, "notable": 2, "julie": 3, "brown": 3, "showing": 2, "skin": 2, "early": 2, "albiet": 2, "small": 2, "michael": 2, "dudikoff": 2, "great": 3, "film": 3, "stretch": 2, "imagination": 2, "bit": 2, "guilty": 2, "eye": 2, "candy": 2, "shows": 2, "thus": 2, "far": 2, "claim": 2, "honor": 2, "sylvia": 2, "wright": 2, "gets": 2, "topless": 2, "dvd": 2, "extras": 2, "minute": 2, "interview": 2, "producer": 2, "max": 2, "rosenberg": 2, "wherein": 2, "insults": 2, "director": 2, "canada": 2, "stuff": 2, "biography": 2, "ed": 2, "hunt": 2, "trailers": 2, "kiss": 2, "taratula": 2, "open": 2, "door": 2, "homework": 2, "features": 2, "nudity": 2, "grade": 2}