{"fun": 2, "entertaining": 2, "movie": 3, "wwii": 2, "german": 2, "spy": 2, "julie": 2, "andrews": 4, "falling": 2, "love": 3, "american": 2, "pilot": 2, "rock": 2, "hudson": 3, "trying": 2, "get": 3, "secrets": 2, "reason": 2, "attacked": 2, "critics": 2, "shunned": 2, "public": 2, "ca": 2, "see": 2, "beautifully": 2, "shot": 2, "wonderful": 2, "costumes": 2, "interiors": 2, "exciting": 2, "aerial": 2, "dogfights": 2, "also": 2, "strictly": 2, "pg": 2, "material": 2, "singing": 2, "beautiful": 2, "song": 2, "whistling": 2, "dark": 3, "problems": 2, "along": 2, "shooting": 2, "shows": 2, "scenes": 2, "lack": 2, "spark": 2, "zero": 2, "sexual": 2, "chemistry": 2, "still": 3, "turn": 2, "ok": 2, "performances": 2, "film": 2, "little": 2, "long": 2, "even": 2, "min": 2, "director": 2, "cut": 3, "saw": 2, "gets": 2, "way": 2, "serious": 2, "end": 2, "worth": 2, "catching": 2, "try": 2, "seeing": 2, "directors": 2, "one": 2, "runs": 2, "half": 2, "hour": 2, "longer": 2}