{"sensitive": 2, "portrayal": 2, "life": 2, "unquenched": 2, "constrained": 2, "desires": 5, "one": 3, "desire": 4, "culture": 3, "society": 2, "rigid": 2, "norms": 2, "husband": 4, "finds": 2, "outlet": 3, "immigrant": 2, "since": 4, "immigrants": 2, "belong": 2, "accepted": 2, "need": 2, "conform": 2, "dam": 2, "looks": 2, "solace": 2, "spirituality": 2, "tries": 2, "evaporate": 2, "nothingness": 2, "fails": 2, "course": 2, "breaks": 2, "last": 2, "scene": 2, "multiple": 2, "reasons": 2, "sita": 3, "still": 3, "cared": 2, "enough": 3, "find": 4, "moment": 2, "let": 3, "know": 2, "responsible": 2, "deviant": 2, "blocked": 2, "mother": 2, "could": 3, "strength": 2, "destroy": 2, "myth": 2, "sees": 2, "child": 2, "glorifying": 2, "give": 2, "opportunity": 2, "finally": 2, "grow": 2, "wives": 2, "courage": 2, "togetherness": 2, "shared": 2, "rejection": 3, "final": 2, "act": 2, "grandmother": 2, "break": 3, "free": 2, "rusted": 2, "mindset": 2, "accept": 2, "decade": 2, "receiving": 2, "care": 2, "shackles": 2, "seems": 2, "like": 2, "easiest": 2, "househelp": 2, "flow": 2, "anyway": 3, "damned": 2, "bottom": 2, "hierarchy": 2, "respect": 2, "expectations": 2, "might": 2, "well": 2, "taste": 2, "sin": 2}