{"one": 2, "three": 2, "favorite": 2, "movies": 2, "quibble": 2, "director": 2, "peter": 2, "yates": 2, "many": 2, "cuts": 2, "showing": 2, "actors": 2, "individually": 2, "instead": 2, "together": 2, "scene": 4, "performances": 2, "great": 4, "forgive": 2, "albert": 2, "finney": 2, "tom": 2, "courtenay": 2, "absolutely": 2, "marvelous": 2, "brilliant": 2, "script": 2, "giving": 2, "good": 2, "picture": 2, "life": 2, "theatre": 2, "world": 2, "war": 2, "ii": 2, "therefore": 2, "like": 2, "well": 2, "lots": 3, "subtle": 2, "touches": 2, "broad": 2, "overplayed": 2, "strokes": 2, "perfectly": 2, "done": 2, "blows": 2, "away": 2, "heartbreaking": 2, "climax": 2}