{"watching": 2, "oldboy": 4, "little": 2, "disappointed": 2, "rest": 2, "park": 2, "work": 2, "good": 3, "never": 2, "approaches": 2, "level": 3, "humour": 3, "originality": 2, "one": 2, "nothing": 2, "like": 2, "plot": 3, "style": 2, "quality": 2, "acting": 2, "song": 2, "kim": 3, "shin": 2, "delivering": 2, "excellent": 2, "performances": 2, "particular": 2, "manages": 2, "swap": 2, "creepy": 2, "horror": 2, "scenes": 3, "surreal": 2, "comedy": 2, "without": 2, "slightest": 2, "strange": 2, "lots": 2, "twists": 2, "turns": 2, "takes": 2, "big": 2, "swipe": 2, "vampire": 2, "directing": 2, "spot": 2, "tons": 2, "pace": 2, "throughout": 2, "memorable": 2, "ever": 3, "seen": 2, "boast": 2, "probably": 2, "weirdest": 2, "love": 2, "scene": 2, "great": 2, "film": 2}