{"piece": 2, "cinematic": 2, "beauty": 2, "shows": 2, "quebec": 3, "culture": 4, "others": 2, "probably": 2, "work": 2, "come": 2, "la": 2, "belle": 2, "province": 2, "takes": 2, "everybody": 2, "experience": 2, "point": 2, "wish": 2, "glued": 2, "hair": 2, "place": 2, "lived": 2, "breathed": 2, "ate": 2, "everything": 2, "maurice": 3, "richard": 3, "book": 2, "well": 3, "short": 2, "glad": 2, "time": 2, "spend": 2, "studying": 2, "french": 2, "high": 2, "school": 2, "required": 2, "reading": 2, "thought": 2, "brilliant": 2, "roch": 2, "carrier": 2, "narrate": 2, "story": 3, "accent": 2, "brought": 2, "lot": 2, "realism": 2, "animation": 2, "good": 2, "surrealist": 2, "brings": 2, "attention": 2, "idea": 2, "whimsical": 2, "daydream": 2, "fancying": 2, "better": 2, "days": 2, "gone": 2, "symbol": 2, "quebecoise": 2, "unsurpassed": 2, "one": 2, "almost": 2, "smell": 2, "tourtiere": 2, "cooked": 2, "slowly": 2, "wood": 2, "stove": 2, "whole": 2, "film": 3, "deserves": 2, "endless": 2, "praise": 2, "making": 2, "people": 2, "proud": 2, "canadian": 2, "encourage": 2, "us": 2, "appreciate": 2, "finer": 2, "things": 2, "family": 2, "roots": 2, "ontario": 2, "made": 2, "fall": 2, "love": 2, "va": 2, "toujours": 2, "vivre": 2, "dans": 2, "nos": 2, "coeurs": 2}