{"savage": 3, "undisciplined": 2, "lion": 7, "put": 2, "behind": 2, "bars": 3, "circus": 3, "carnival": 2, "suddenly": 2, "notices": 2, "hole": 4, "floor": 3, "cell": 2, "sticks": 2, "nose": 2, "snuff": 2, "first": 2, "thinks": 3, "bugs": 17, "bunny": 9, "home": 3, "belong": 2, "camel": 2, "yet": 2, "wakes": 2, "sleep": 2, "hoisting": 2, "ground": 3, "meets": 2, "next": 2, "trainer": 2, "ever": 2, "wonder": 2, "would": 2, "turn": 2, "hawaiian": 3, "hula": 3, "dancer": 2, "traditional": 2, "skirts": 2, "watch": 2, "cartoon": 2, "director": 2, "bob": 2, "mckimson": 2, "offers": 2, "endless": 2, "laughters": 2, "means": 2, "absurd": 2, "unexpected": 2, "demonstrative": 2, "humour": 2, "signature": 2, "scenes": 2, "include": 2, "look": 2, "donald": 2, "duck": 2, "name": 2, "acronym": 2, "headboard": 2, "bed": 2, "short": 2, "journey": 2, "mine": 2, "hoist": 2, "climbing": 2, "nero": 6, "calls": 2, "friend": 2, "elephant": 4, "help": 2, "uses": 3, "toy": 4, "mouse": 3, "scare": 3, "since": 2, "needed": 2, "broom": 3, "outpower": 2, "becoming": 2, "clown": 3, "proper": 2, "costume": 2, "practical": 2, "jokes": 2, "makes": 2, "trapeze": 2, "scene": 3, "chasing": 2, "famous": 2, "human": 2, "cannonball": 2, "starts": 4, "dancing": 2, "magic": 2, "moments": 2, "keep": 2, "acrobatty": 3, "fresh": 2, "times": 2, "memory": 2, "comes": 2, "pinocchio": 3, "tale": 2, "acting": 2, "save": 2, "giant": 2, "whale": 2, "stomach": 2, "roars": 2, "replies": 2, "back": 2, "roaring": 2, "arguing": 2, "making": 2, "much": 2, "noise": 3, "finding": 2, "piece": 2, "wood": 2, "rub": 2, "iron": 2, "singing": 2, "order": 2, "make": 2, "wearing": 2, "rubber": 2, "heels": 2, "bounce": 3, "like": 2, "rabbits": 2, "causes": 2, "main": 2, "reasons": 2, "keeps": 2, "classic": 2, "found": 2, "classics": 2, "video": 2}