{"would": 4, "assume": 2, "film": 5, "get": 2, "rave": 2, "reviews": 2, "canada": 3, "particularly": 2, "quebec": 2, "canadians": 4, "traditionally": 2, "loved": 2, "hockey": 2, "montreal": 2, "like": 2, "gods": 2, "decades": 2, "american": 2, "closest": 3, "thing": 4, "new": 2, "york": 2, "yankees": 2, "fan": 3, "greatest": 2, "winningest": 2, "team": 4, "history": 2, "satan": 2, "well": 2, "least": 2, "grew": 2, "washington": 2, "dc": 2, "regard": 2, "dallas": 2, "cowboys": 2, "pretty": 2, "sure": 2, "shown": 2, "north": 2, "everyone": 2, "immediately": 2, "strong": 2, "emotional": 2, "reaction": 2, "national": 3, "sport": 2, "cartoon": 2, "moderately": 2, "interesting": 2, "begins": 2, "main": 2, "character": 3, "talks": 2, "growing": 2, "around": 2, "ottawa": 2, "rooting": 2, "maurice": 2, "rocket": 2, "richard": 2, "however": 2, "mother": 2, "accidentally": 2, "buys": 2, "toronto": 2, "maple": 2, "leafs": 2, "jersey": 2, "forces": 2, "wear": 2, "knew": 2, "right": 2, "away": 2, "horrible": 2, "shameful": 2, "little": 2, "boy": 2, "ability": 2, "connect": 2, "even": 2, "though": 2, "lives": 2, "far": 2, "land": 2, "made": 2, "special": 2, "short": 2, "way": 2, "kids": 2, "treated": 2, "conversation": 2, "god": 2, "end": 2, "make": 2, "lovely": 2, "nostalgic": 2, "clever": 2, "memorable": 2}