{"finest": 2, "short": 4, "ever": 3, "seen": 2, "commentators": 2, "suggest": 2, "might": 3, "lengthened": 2, "due": 2, "density": 2, "insight": 2, "offers": 2, "irony": 2, "comment": 2, "little": 3, "merit": 2, "acting": 2, "noonan": 2, "carries": 2, "thankless": 2, "character": 2, "perfectly": 2, "preferred": 2, "narrator": 2, "less": 2, "recognizable": 2, "gravitas": 2, "lent": 2, "pitch": 2, "perfect": 2, "people": 3, "read": 2, "whose": 2, "bar": 2, "set": 2, "high": 2, "recognize": 2, "living": 2, "culture": 2, "celebrates": 2, "stupidity": 2, "banality": 2, "forge": 2, "contrary": 2, "bitter": 2, "defenders": 2, "beauty": 2, "beautiful": 2, "film": 2, "fwiw": 2, "pleased": 2, "picasso": 4, "reference": 2, "since": 2, "believed": 2, "another": 2, "art": 3, "whore": 2, "talent": 2, "like": 2, "assume": 2, "day": 2, "saw": 2, "drawings": 2, "made": 2, "finer": 2, "draftsman": 2, "brilliant": 2, "artist": 2, "age": 2, "many": 2, "artists": 2, "become": 2, "lifetime": 2, "understood": 2, "immediately": 2, "make": 2, "became": 2, "known": 2}