{"first": 3, "viewed": 2, "movie": 3, "came": 2, "also": 2, "bought": 2, "lp": 2, "recording": 2, "soundtrack": 2, "liked": 2, "well": 2, "went": 2, "back": 2, "see": 2, "several": 2, "times": 2, "understand": 2, "considered": 2, "flop": 2, "julie": 2, "andrews": 2, "lovely": 2, "film": 3, "voice": 2, "top": 2, "form": 3, "costuming": 2, "beautiful": 2, "contains": 2, "little": 2, "bit": 3, "everything": 2, "even": 2, "though": 2, "scenes": 2, "still": 2, "fun": 2, "recently": 2, "found": 2, "could": 2, "get": 2, "copy": 2, "dvd": 3, "ordered": 3, "disappointed": 2, "couple": 2, "songs": 2, "sequences": 2, "included": 2, "version": 2}