{"aftermath": 2, "world": 2, "war": 8, "two": 3, "almost": 2, "resulted": 2, "death": 3, "soviet": 6, "cinema": 2, "early": 2, "years": 3, "film": 8, "production": 2, "came": 2, "close": 2, "complete": 2, "standstill": 2, "mere": 2, "nine": 2, "released": 2, "work": 2, "filmmakers": 3, "closely": 2, "monitored": 2, "often": 2, "censored": 2, "government": 2, "following": 2, "joseph": 2, "stalin": 2, "given": 2, "greater": 2, "artistic": 3, "freedom": 2, "pictures": 2, "though": 2, "many": 3, "remained": 2, "reluctant": 2, "challenge": 2, "heroic": 2, "optimistic": 2, "propagandistic": 2, "stance": 2, "towards": 2, "warfare": 2, "prevalent": 2, "previous": 2, "director": 2, "mikhail": 2, "kalatozov": 3, "writer": 2, "viktor": 2, "rozov": 2, "became": 2, "bold": 2, "enough": 2, "produce": 2, "first": 3, "masterpiece": 2, "zhuravli": 2, "cranes": 4, "flying": 4, "one": 4, "finest": 2, "depictions": 2, "seen": 2, "country": 2, "time": 3, "period": 2, "lauded": 2, "brilliance": 2, "union": 3, "international": 2, "recognition": 2, "soon": 2, "follow": 2, "honoured": 2, "palm": 2, "cannes": 2, "invigorating": 2, "visual": 2, "feast": 2, "audacious": 2, "humanistic": 2, "portrayal": 2, "unlike": 2, "films": 2, "less": 3, "constrained": 2, "archetypal": 2, "figure": 2, "traditional": 2, "hero": 2, "concerned": 2, "futility": 2, "brutality": 2, "indeed": 2, "inevitability": 2, "conflict": 2, "love": 3, "cinematic": 2, "concept": 2, "idealised": 2, "notion": 2, "somehow": 2, "conquers": 2, "endures": 2, "endless": 2, "hardship": 2, "yet": 2, "reality": 2, "substantially": 2, "romantic": 2, "lovers": 2, "veronika": 5, "tatyana": 2, "samojlova": 2, "boris": 5, "aleksey": 2, "batalov": 2, "separated": 2, "advent": 2, "wwii": 2, "widely": 2, "known": 2, "great": 2, "patriotic": 3, "pledge": 2, "marry": 2, "tragedy": 3, "denies": 2, "couple": 2, "wish": 2, "driven": 2, "betrayal": 2, "unending": 2, "torment": 2, "uncertainty": 2, "waiting": 2, "agrees": 2, "wed": 2, "cousin": 2, "mark": 2, "aleksandr": 2, "shvorin": 2, "handsome": 2, "unworthy": 2, "youth": 2, "may": 2, "conclude": 2, "proud": 2, "victory": 2, "soviets": 2, "parade": 2, "optimism": 2, "sequence": 2, "overwhelmingly": 2, "eclipsed": 2, "bittersweet": 2, "young": 2, "female": 2, "protagonist": 2, "wanders": 2, "soullessly": 2, "celebrating": 2, "perhaps": 2, "remarkable": 2, "feature": 2, "sergei": 2, "urusevsky": 3, "inspired": 2, "dynamic": 2, "cinematography": 2, "realistically": 2, "dizzily": 2, "captures": 2, "chaos": 2, "confusion": 2, "necessarily": 2, "hail": 2, "gunfire": 2, "cries": 2, "dying": 2, "comrades": 2, "fact": 2, "sequences": 2, "joins": 2, "eastern": 2, "front": 2, "perspective": 2, "family": 2, "friends": 2, "left": 2, "behind": 2, "particularly": 2, "impressive": 2, "long": 2, "shot": 2, "camera": 4, "follows": 3, "frantically": 2, "searches": 2, "crowd": 4, "departing": 2, "recruits": 2, "families": 2, "smoothly": 2, "girl": 2, "bus": 2, "jostles": 2, "alongside": 2, "capturing": 2, "momentary": 2, "snippets": 2, "loved": 2, "ones": 2, "saying": 2, "farewell": 2, "sons": 2, "husbands": 2, "unexpectedly": 2, "craning": 2, "disappears": 2, "dust": 2, "passing": 2, "squadron": 2, "army": 2, "tanks": 2, "breathtaking": 2, "movement": 2, "offers": 2, "scope": 2, "urgency": 2, "dramatic": 2, "episode": 2, "acquired": 2, "filming": 2, "experience": 2, "military": 2, "cameraman": 3, "obviously": 2, "fell": 2, "storytelling": 2, "possibilities": 2, "photography": 2, "declared": 2, "express": 2, "actor": 2, "unable": 2, "portray": 2, "inner": 2, "sensations": 2, "must": 2, "act": 2, "actors": 2}