{"overall": 2, "well": 2, "done": 2, "movie": 8, "parts": 4, "made": 3, "wince": 2, "threw": 2, "hands": 2, "came": 2, "away": 2, "something": 2, "gone": 2, "think": 3, "suffers": 2, "serious": 2, "excess": 2, "ambition": 2, "without": 2, "spoiling": 2, "let": 3, "say": 3, "obvious": 2, "references": 2, "trial": 2, "fire": 2, "ramayana": 3, "way": 3, "beyond": 2, "stands": 2, "epic": 2, "page": 2, "book": 2, "puts": 2, "women": 2, "india": 6, "two": 3, "girls": 3, "married": 2, "distinctive": 2, "indian": 3, "family": 3, "basic": 2, "tenets": 2, "unwritten": 2, "laws": 2, "tradition": 2, "seem": 2, "conservative": 2, "assure": 2, "reader": 2, "lived": 2, "delhi": 3, "years": 2, "found": 2, "entire": 2, "ring": 2, "bells": 2, "mean": 2, "things": 2, "actions": 2, "true": 3, "stuff": 2, "mark": 2, "especially": 2, "complicated": 3, "director": 2, "tries": 2, "simplify": 2, "fails": 3, "pretty": 2, "miserably": 2, "english": 5, "imagine": 2, "american": 2, "indians": 2, "french": 2, "speaking": 2, "seriously": 2, "jarring": 2, "even": 2, "servant": 2, "spoke": 2, "fluent": 2, "accented": 2, "albeit": 2, "hint": 2, "colloquialisms": 2, "language": 2, "believability": 2, "chemistry": 2, "leads": 2, "palpable": 2, "like": 4, "hot": 2, "biggest": 2, "saving": 2, "grace": 2, "development": 2, "real": 2, "life": 2, "love": 3, "film": 2, "radha": 2, "sita": 2, "would": 2, "got": 2, "full": 2, "marks": 2, "could": 2, "subtle": 2, "statement": 2, "goes": 2, "society": 2, "respect": 2, "succeeds": 2, "much": 2, "take": 2, "everything": 2, "see": 2, "pinch": 2, "salt": 2, "dark": 2, "secrets": 2, "revealed": 2, "falling": 2, "happens": 2, "everywhere": 2, "else": 2}