{"watched": 2, "movie": 2, "tcm": 2, "last": 3, "night": 2, "excited": 2, "expectation": 2, "seen": 4, "twice": 2, "memorable": 2, "release": 2, "toronto": 2, "told": 2, "wife": 2, "watch": 2, "thrilling": 2, "long": 2, "tracking": 2, "shot": 3, "cuts": 3, "veronika": 3, "bus": 3, "way": 2, "find": 3, "boris": 2, "frame": 2, "certainly": 2, "predates": 2, "modern": 2, "steadicam": 2, "pulls": 2, "back": 3, "cranes": 2, "pun": 2, "unintended": 2, "street": 3, "exits": 2, "darts": 2, "among": 2, "tanks": 3, "cross": 2, "road": 2, "remember": 2, "follow": 3, "close": 2, "fence": 3, "peers": 2, "anxiously": 2, "looking": 2, "continue": 2, "searches": 2, "faces": 2, "harried": 2, "recruits": 2, "emotionally": 2, "racked": 2, "women": 2, "extras": 2, "one": 3, "gem": 2, "riveting": 2, "stanislavskian": 2, "behavior": 2, "wonders": 2, "kalatozov": 2, "cameraman": 2, "urusevsky": 2, "set": 2, "extraordinary": 2, "sequence": 2, "see": 2, "version": 2, "crossing": 2, "dodging": 2, "scene": 2, "abruptly": 2, "ended": 2, "cut": 2, "scenes": 2, "apartment": 2, "continuing": 2, "soldiers": 2, "families": 2, "seems": 2, "film": 2, "restored": 2, "also": 2, "downer": 2}