{"bugs": 3, "bunny": 2, "sacred": 2, "home": 2, "violated": 2, "careless": 2, "people": 2, "time": 2, "traveling": 2, "circus": 2, "put": 2, "lion": 4, "cage": 2, "right": 2, "rabbit": 2, "hole": 3, "bug": 2, "come": 2, "face": 2, "nero": 3, "name": 2, "usual": 2, "hilarious": 3, "style": 2, "slow": 2, "rocky": 2, "beginning": 2, "cart": 2, "keeps": 2, "getting": 2, "better": 3, "winds": 2, "quite": 2, "turns": 3, "pretty": 2, "good": 2, "foil": 2, "short": 3, "highly": 2, "memorable": 2, "one": 2, "still": 2, "shorn": 2, "classic": 2, "animated": 2, "found": 2, "disk": 2, "looney": 2, "tunes": 2, "golden": 2, "collection": 2, "volume": 2, "grade": 2}