{"good": 3, "news": 3, "circus": 2, "town": 2, "bad": 2, "right": 2, "bugs": 6, "bunny": 2, "underground": 2, "home": 2, "wakes": 2, "place": 3, "shakes": 2, "like": 3, "earthquake": 2, "hit": 2, "workers": 2, "pound": 2, "stakes": 2, "ground": 2, "elephants": 2, "stomp": 2, "specific": 2, "lions": 2, "cage": 2, "exactly": 2, "hole": 2, "lion": 5, "sniffs": 2, "food": 2, "process": 2, "elimination": 2, "figures": 2, "rabbit": 3, "curious": 2, "racket": 2, "winds": 3, "way": 3, "tunnel": 2, "say": 2, "thing": 2, "bb": 2, "totally": 2, "fearless": 2, "least": 3, "cartoon": 2, "seconds": 2, "comes": 2, "senses": 2, "runs": 2, "crazy": 2, "get": 2, "battle": 2, "rest": 2, "faces": 2, "dumb": 2, "opponent": 2, "one": 2, "calls": 2, "nero": 2, "fierce": 2, "need": 2, "wits": 2, "bravado": 2, "fend": 2, "half": 3, "gags": 2, "stupid": 2, "funny": 2, "always": 2, "colorful": 2, "enough": 2, "recommend": 2, "mean": 2, "everyday": 2, "see": 2, "trapeze": 2, "hula": 2, "dance": 2}