{"yes": 2, "romantic": 2, "sorts": 2, "likes": 2, "musicals": 2, "comedy": 2, "fit": 2, "bill": 2, "julie": 2, "andrews": 2, "gives": 2, "mesmerizing": 2, "performance": 2, "beginning": 2, "end": 2, "film": 3, "whistling": 2, "dark": 2, "production": 2, "number": 3, "performs": 2, "middle": 2, "story": 2, "believes": 2, "rock": 2, "hudson": 2, "seeing": 2, "girl": 2, "certainly": 2, "make": 2, "wish": 2, "could": 2, "found": 2, "video": 2, "dvd": 2, "would": 2, "surely": 2, "purchase": 2, "heartbeat": 2, "home": 2, "library": 2}