{"dresser": 2, "small": 2, "absolutely": 2, "wonderful": 2, "film": 3, "brilliantly": 2, "acted": 2, "albert": 3, "finney": 6, "tom": 3, "courtenay": 6, "world": 2, "tiny": 2, "attracted": 2, "enough": 2, "attention": 3, "garner": 2, "five": 2, "major": 2, "academy": 3, "award": 3, "nominations": 2, "back": 2, "mystery": 2, "nice": 2, "know": 2, "guilty": 2, "display": 2, "good": 2, "taste": 3, "every": 2, "course": 2, "gave": 2, "year": 2, "terms": 2, "endearment": 2, "want": 2, "accused": 2, "showing": 2, "much": 2, "drunken": 2, "shakespearean": 2, "actor": 3, "production": 2, "king": 2, "lear": 2, "man": 2, "works": 2, "double": 2, "time": 2, "behind": 2, "scenes": 2, "keep": 2, "front": 2, "footlights": 2, "hilarious": 2, "piteous": 2, "see": 3, "character": 2, "showering": 2, "affection": 2, "efforts": 2, "utterly": 2, "unappreciated": 2, "dismissed": 2, "even": 2, "bitter": 2, "end": 2, "work": 2, "wonders": 2, "together": 2, "though": 2, "gets": 2, "showiest": 2, "moments": 2, "get": 2, "recite": 2, "shakespeare": 2, "heart": 2, "soul": 2, "grade": 2}