{"one": 2, "best": 2, "movies": 3, "ever": 2, "fire": 3, "much": 2, "sociological": 2, "description": 2, "india": 2, "today": 3, "mind": 3, "blowing": 3, "use": 3, "light": 3, "never": 3, "stops": 2, "becomes": 2, "normal": 2, "even": 2, "sense": 2, "movie": 3, "almost": 2, "unique": 2, "leads": 2, "good": 2, "quality": 2, "origin": 2, "das": 2, "street": 2, "performer": 2, "pretty": 2, "obvious": 2, "performance": 2, "superb": 2, "cammeo": 2, "look": 2, "looked": 2, "still": 2, "ages": 2, "nothing": 2, "torrid": 2, "story": 2, "rather": 2, "pure": 2, "way": 4, "facing": 2, "subject": 2, "sad": 2, "bizarre": 2, "world": 2, "live": 2, "major": 3, "art": 2, "work": 2, "usually": 2, "known": 2, "gender": 2, "film": 2, "stand": 2, "face": 3, "dryer": 2, "jeanne": 2, "arc": 2, "ichikawa": 2, "biruma": 2, "tategoto": 2, "kurosawa": 2, "name": 2, "wish": 2, "input": 2, "could": 2, "help": 2, "little": 2, "deserved": 2, "fame": 2}