{"blood": 2, "sex": 2, "though": 2, "oozes": 2, "passion": 2, "special": 2, "effects": 2, "one": 3, "pearls": 2, "comes": 2, "across": 2, "movie": 3, "screen": 2, "really": 2, "looking": 2, "grabs": 2, "attention": 2, "great": 4, "acting": 3, "sets": 3, "music": 2, "beautiful": 2, "storyline": 2, "lot": 2, "movies": 2, "made": 2, "like": 4, "move": 2, "us": 4, "time": 3, "make": 2, "feel": 2, "appears": 2, "real": 2, "life": 2, "elevates": 2, "level": 2, "awareness": 2, "nanny": 3, "lost": 2, "cause": 2, "least": 2, "inhabitants": 2, "halfway": 2, "house": 3, "best": 2, "true": 2, "story": 2, "misfits": 2, "learning": 2, "fit": 2, "somewhat": 2, "jealous": 2, "good": 2, "times": 2, "everyone": 2, "appeared": 2, "could": 2, "spend": 2}