{"vampire": 6, "craze": 3, "opinion": 2, "actually": 2, "proved": 2, "worthiness": 2, "infamous": 2, "categorization": 3, "many": 5, "films": 5, "last": 2, "year": 3, "multitude": 2, "countries": 2, "reviewed": 2, "discuss": 2, "forgive": 2, "indulgence": 2, "since": 3, "recognized": 2, "trend": 2, "phenomenon": 2, "coincidentally": 2, "features": 2, "favorite": 2, "horror": 2, "staple": 2, "going": 3, "move": 2, "outside": 2, "north": 2, "america": 2, "bit": 2, "introduce": 2, "hopefully": 2, "meaning": 2, "see": 3, "effects": 2, "twilight": 2, "creation": 2, "guy": 2, "girl": 2, "movies": 2, "hate": 3, "sexist": 2, "effect": 2, "polarizing": 2, "entire": 2, "generation": 2, "fans": 2, "sides": 2, "think": 3, "men": 2, "prone": 2, "stephenie": 2, "meyer": 2, "work": 2, "offspring": 2, "degree": 2, "feel": 2, "sense": 2, "betrayal": 2, "archetype": 2, "always": 2, "liberated": 2, "women": 3, "may": 2, "unlikely": 2, "enjoy": 3, "future": 2, "neutral": 2, "pics": 2, "grew": 2, "ironclad": 2, "expectations": 3, "enforced": 2, "four": 2, "times": 2, "need": 2, "directors": 2, "create": 2, "either": 3, "gender": 3, "capable": 2, "enjoying": 2, "unequally": 2, "vampires": 2, "survive": 2, "remain": 2, "relevant": 2, "cue": 2, "thirst": 3, "korean": 2, "film": 4, "directed": 2, "park": 2, "oldboy": 2, "fame": 3, "two": 4, "ways": 2, "dissect": 2, "straddles": 2, "universally": 2, "marginally": 2, "enjoyable": 2, "floundering": 2, "mess": 2, "decide": 2, "target": 2, "audience": 2, "prefers": 2, "therefore": 2, "viewed": 2, "one": 3, "let": 3, "convince": 2, "inclinations": 2, "director": 2, "man": 8, "whose": 3, "action": 2, "protagonist": 3, "male": 3, "interest": 2, "lover": 2, "later": 2, "still": 2, "desire": 2, "woman": 7, "known": 2, "mortal": 3, "life": 5, "contrived": 2, "attention": 2, "returned": 2, "slant": 2, "picture": 3, "yet": 3, "could": 3, "said": 2, "daybreakers": 2, "new": 3, "plot": 2, "follows": 2, "emile": 2, "zola": 2, "novel": 5, "called": 2, "raquin": 2, "read": 2, "according": 2, "wikipedia": 2, "affair": 2, "develops": 2, "married": 2, "single": 2, "kills": 3, "husband": 3, "fishing": 2, "trip": 2, "begins": 3, "dating": 2, "incapable": 2, "sex": 2, "dead": 2, "body": 2, "thus": 3, "driven": 2, "insanity": 2, "care": 2, "ailing": 2, "mother": 2, "conclusion": 2, "try": 2, "kill": 2, "discover": 2, "plans": 2, "commit": 2, "transcribe": 2, "nearly": 2, "old": 2, "french": 2, "modern": 2, "south": 2, "korea": 2, "got": 2, "embellish": 2, "story": 2, "enough": 4, "elevate": 2, "often": 2, "ignores": 2, "ideas": 2, "favor": 2, "following": 3, "inspiration": 2, "memorable": 2, "parts": 2, "scruples": 2, "unhinged": 2, "narrative": 2, "use": 2, "foil": 2, "bad": 2, "romance": 2, "perfect": 2, "originally": 2, "devout": 2, "christian": 3, "becomes": 5, "faulty": 2, "blood": 3, "transfusion": 2, "volunteering": 2, "medicine": 2, "god": 2, "smitten": 2, "people": 4, "flock": 2, "view": 4, "grand": 2, "healer": 2, "really": 2, "cool": 2, "provided": 2, "great": 2, "basis": 2, "relationship": 2, "idea": 3, "given": 2, "little": 2, "screen": 2, "time": 2, "changes": 2, "realistic": 2, "christ": 2, "figure": 2, "tries": 2, "maintain": 2, "virtue": 2, "even": 2, "though": 2, "lifestyle": 2, "demands": 2, "relinquish": 2, "instead": 3, "confronting": 2, "delusional": 2, "sips": 2, "comatose": 2, "hospital": 2, "continue": 2, "allusion": 2, "tricks": 2, "killing": 2, "overprotective": 2, "suffers": 2, "stroke": 2, "eventually": 2, "warns": 2, "friends": 3, "family": 2, "treachery": 2, "finger": 2, "waggles": 2, "resurrects": 2, "invite": 2, "former": 2, "mercilessly": 2, "harassing": 2, "humans": 2, "says": 2, "decides": 2, "drive": 2, "beach": 2, "forces": 2, "waiting": 2, "sunrise": 2, "die": 2, "atones": 2, "crimes": 2, "portrays": 2, "evil": 2, "prominently": 2, "character": 2, "caricature": 2, "profession": 2, "offers": 2, "explanation": 2, "behavior": 2, "housewife": 2, "education": 2, "priest": 2, "restrictive": 2, "vampirism": 2, "magnifies": 2, "characteristics": 2, "monster": 2, "like": 2, "would": 2, "expect": 2, "someone": 2, "without": 3, "knowledge": 2, "demigod": 2, "spirit": 2, "atheists": 2, "religious": 2, "divine": 2, "intervention": 2}