{"movie": 7, "great": 2, "sleazy": 2, "slasher": 3, "three": 2, "kids": 4, "born": 2, "eclipse": 2, "kill": 3, "everyone": 2, "see": 3, "reason": 3, "makes": 2, "practically": 2, "sense": 2, "adds": 2, "charm": 2, "dang": 2, "crazy": 2, "especially": 2, "curtis": 2, "seen": 2, "know": 2, "talking": 2, "kid": 2, "vicous": 2, "although": 2, "much": 2, "gore": 2, "entertaining": 2, "kind": 2, "care": 2, "characters": 2, "also": 2, "nice": 2, "nudity": 2, "decent": 3, "acting": 2, "well": 2, "really": 2, "worth": 2, "look": 2, "ever": 2, "get": 2, "chance": 2, "nightmares": 2, "darn": 2, "though": 2, "guarantee": 2}