{"boris": 5, "aleksey": 2, "batalov": 2, "fight": 2, "war": 3, "germans": 2, "mother": 2, "russia": 2, "beloved": 2, "veronika": 6, "tatyana": 2, "samojlova": 2, "marries": 2, "conniving": 2, "cousin": 2, "mark": 3, "aleksandr": 2, "shvorin": 2, "moment": 2, "weakness": 2, "shortly": 2, "parents": 2, "killed": 2, "air": 4, "raid": 4, "moscow": 2, "various": 2, "trials": 2, "betrayals": 2, "await": 2, "word": 2, "letter": 2, "matter": 2, "long": 2, "takes": 2, "holding": 2, "hope": 2, "return": 2, "powerful": 2, "piece": 2, "boasts": 2, "simply": 3, "incredible": 2, "photographic": 2, "work": 2, "cinematographer": 2, "sergei": 3, "urusevsky": 3, "many": 3, "magnificently": 2, "framed": 2, "moving": 2, "shots": 2, "include": 2, "scene": 3, "camera": 2, "follows": 2, "crowd": 2, "loved": 2, "ones": 2, "saying": 2, "goodbye": 3, "rushes": 2, "mob": 2, "bodies": 2, "say": 2, "quite": 2, "reach": 2, "even": 2, "watch": 2, "looking": 2, "impatiently": 2, "swarm": 2, "without": 3, "luck": 2, "sequence": 2, "walks": 2, "standing": 2, "stairs": 2, "circulating": 2, "destroyed": 2, "building": 3, "called": 2, "home": 2, "makes": 2, "lustful": 2, "move": 2, "another": 2, "continues": 2, "outside": 2, "wind": 2, "rustles": 2, "curtains": 2, "flashes": 2, "light": 2, "emanate": 2, "inside": 2, "two": 2, "examples": 2, "shows": 2, "genius": 2, "framing": 2, "images": 2, "last": 3, "forever": 3, "film": 5, "power": 2, "tragedy": 2, "story": 2, "regarding": 2, "shape": 2, "destiny": 2, "couple": 2, "dearly": 2, "deeply": 2, "love": 2, "could": 2, "hold": 2, "beauty": 2, "visual": 2, "alone": 2, "together": 2, "however": 2, "left": 2, "amazing": 2, "haunting": 2, "masterpiece": 2, "soviet": 2, "union": 2, "stalin": 2, "breathed": 2, "breath": 2, "feel": 2, "honored": 2, "beheld": 2, "great": 2}