{"main": 2, "reason": 2, "watching": 3, "picture": 2, "savor": 2, "brilliant": 2, "performance": 2, "ephata": 3, "merkerson": 5, "dominates": 2, "film": 2, "tremendous": 2, "presence": 2, "nanny": 4, "woman": 2, "believes": 2, "good": 2, "matter": 3, "strings": 2, "attached": 2, "actress": 2, "clearly": 3, "shows": 2, "range": 2, "thanks": 2, "director": 3, "george": 2, "wolf": 3, "bringing": 2, "distinguished": 2, "cast": 2, "best": 3, "black": 2, "americans": 2, "actors": 2, "together": 2, "ensemble": 2, "group": 2, "tight": 2, "direction": 2, "help": 2, "create": 2, "right": 2, "atmosphere": 2, "action": 3, "takes": 3, "course": 2, "none": 2, "would": 2, "possible": 2, "ruben": 4, "santiago": 2, "hudson": 2, "written": 2, "wonderful": 2, "play": 3, "working": 2, "perhaps": 2, "theater": 2, "generation": 2, "opened": 2, "way": 3, "evokes": 2, "distant": 2, "past": 2, "child": 2, "lives": 2, "influence": 2, "crosby": 3, "parents": 2, "around": 2, "take": 2, "care": 2, "becomes": 2, "adoring": 2, "mother": 2, "little": 2, "represents": 2, "reward": 2, "lost": 2, "unfortunately": 2, "time": 2, "develop": 2, "characters": 2, "solely": 2, "concentrates": 2, "enhancing": 2, "relationship": 2, "young": 3, "played": 2, "charm": 2, "marcus": 2, "carl": 2, "franklin": 2, "natural": 2, "thing": 2, "could": 2, "done": 2, "differently": 2, "voice": 2, "narration": 2, "times": 3, "intrusive": 2, "clarify": 2, "justify": 2, "one": 3, "seeing": 2, "frankly": 2, "interaction": 2, "players": 2, "self": 2, "background": 2, "always": 2, "music": 3, "hard": 2, "people": 2, "going": 2, "house": 2, "full": 2, "laughter": 2, "glorious": 2, "us": 2, "back": 2, "aside": 2, "notable": 2, "performances": 2, "given": 2, "terrence": 2, "dashon": 2, "howard": 2, "rising": 2, "stars": 2, "moment": 2, "mos": 2, "def": 2, "jeffrey": 2, "wright": 2, "marcy": 2, "gray": 2, "louis": 2, "gossett": 2, "delroy": 2, "lindo": 2, "rosie": 2, "perez": 2, "carmen": 2, "ejogo": 2, "jimmy": 2, "smits": 2, "ms": 2, "deserves": 2, "seen": 2, "wider": 2, "audience": 2, "lackawanna": 2, "blues": 2, "demonstrates": 2, "anything": 2, "wants": 2, "enormous": 2, "talent": 2, "charisma": 2}