{"bold": 2, "movie": 6, "hit": 2, "indian": 6, "cinemas": 2, "released": 2, "first": 3, "perhaps": 2, "openly": 2, "depict": 2, "lesbian": 2, "tendencies": 2, "amongst": 2, "women": 2, "leading": 2, "actress": 2, "cinema": 2, "shabana": 2, "azmi": 2, "added": 2, "substance": 2, "hot": 2, "passionate": 2, "scenes": 2, "nandita": 4, "oozed": 2, "sexuality": 2, "director": 2, "used": 2, "sex": 3, "best": 2, "way": 2, "possible": 2, "erotic": 2, "purposes": 2, "context": 2, "scene": 2, "das": 3, "loses": 2, "virginity": 2, "husband": 2, "certainly": 2, "kind": 2, "good": 2, "acting": 2, "actors": 2, "especially": 2, "amidst": 2, "criticism": 2, "public": 2}