{"dresser": 4, "one": 2, "films": 2, "perfect": 2, "really": 2, "struggle": 2, "find": 2, "something": 2, "like": 2, "written": 2, "ronald": 2, "harwood": 2, "former": 3, "legendary": 2, "donald": 2, "wolfit": 2, "sparkles": 2, "energy": 3, "true": 3, "love": 2, "life": 2, "behind": 2, "overbearing": 2, "actor": 2, "main": 2, "focus": 2, "play": 2, "albert": 2, "finney": 2, "joy": 2, "watch": 2, "whether": 2, "complaining": 2, "lack": 2, "storm": 2, "winds": 2, "bit": 2, "lear": 2, "chatting": 2, "faithful": 2, "stage": 3, "manager": 2, "madge": 2, "eileen": 2, "atkins": 2, "good": 2, "ever": 2, "old": 2, "times": 2, "norman": 2, "camp": 2, "tom": 2, "courtenay": 2, "gives": 2, "fabulous": 2, "performance": 2, "wiggling": 2, "around": 2, "beck": 2, "call": 2, "collecting": 2, "bottle": 2, "go": 2, "pub": 2, "bitchily": 2, "disparaging": 2, "fool": 3, "mr": 2, "often": 2, "mentioned": 2, "never": 2, "seen": 2, "engaging": 2, "support": 2, "cast": 2, "edward": 2, "fox": 2, "oxenby": 2, "typical": 2, "arrogant": 2, "second": 2, "lead": 2, "zena": 2, "walker": 2, "ladyship": 2, "lockwood": 2, "west": 2, "replacement": 2, "many": 2, "film": 2, "great": 2, "bringing": 2, "greasepaint": 2, "origins": 2, "notice": 2, "well": 2, "done": 2, "indeed": 2}