{"bloody": 2, "birthday": 3, "plays": 2, "assumed": 2, "innocence": 2, "children": 2, "shows": 2, "bloodthirsty": 2, "monsters": 3, "steven": 2, "andy": 3, "freeman": 2, "curtis": 2, "billy": 4, "jayne": 2, "credited": 2, "jacoby": 2, "debbie": 2, "elizabeth": 3, "hoy": 2, "born": 2, "day": 2, "eclipse": 2, "besides": 2, "sharing": 2, "also": 2, "share": 2, "love": 2, "murder": 2, "picky": 2, "kill": 2, "either": 2, "young": 2, "play": 2, "parts": 2, "emotionless": 2, "quite": 2, "well": 4, "know": 2, "put": 2, "charm": 2, "ca": 2, "go": 2, "fooling": 2, "everyone": 2, "overall": 2, "good": 3, "horror": 2, "flick": 2, "unrealistic": 2, "moments": 2, "suspense": 2, "kids": 2, "portrayed": 2, "roles": 2, "pretty": 2, "hammy": 2, "though": 2, "say": 2, "worth": 2, "seeing": 2, "copy": 2}