{"wo": 2, "bore": 2, "synopsis": 2, "chances": 2, "already": 3, "know": 3, "hopefully": 2, "familiar": 2, "park": 5, "strongly": 2, "disagree": 2, "commentators": 2, "saying": 2, "moved": 2, "vengeance": 4, "trilogy": 3, "blah": 4, "different": 2, "style": 4, "begin": 2, "even": 3, "compare": 2, "sombreness": 2, "subtlety": 2, "sympathy": 2, "mr": 2, "frantic": 2, "extravagance": 2, "oldboy": 2, "incredible": 4, "movies": 2, "share": 2, "true": 3, "remains": 2, "release": 2, "thirst": 3, "picture": 2, "literally": 2, "everything": 2, "want": 2, "movie": 2, "violence": 2, "tasteful": 2, "gore": 2, "great": 2, "humour": 2, "suspense": 2, "realistic": 2, "sex": 2, "scenes": 2, "story": 2, "crazy": 2, "point": 2, "guess": 2, "happen": 2, "next": 2, "happy": 2, "say": 2, "back": 2, "top": 2, "form": 2, "fantastic": 2, "watch": 2, "soon": 2}