{"went": 2, "saw": 3, "movie": 5, "last": 2, "night": 2, "coaxed": 2, "friends": 2, "mine": 2, "admit": 2, "reluctant": 2, "see": 4, "knew": 2, "ashton": 2, "kutcher": 3, "able": 2, "comedy": 2, "wrong": 2, "played": 3, "character": 2, "jake": 2, "fischer": 2, "well": 3, "kevin": 2, "costner": 2, "ben": 2, "randall": 2, "professionalism": 2, "sign": 2, "good": 2, "toy": 2, "emotions": 2, "one": 2, "exactly": 2, "entire": 2, "theater": 3, "sold": 2, "overcome": 2, "laughter": 2, "first": 2, "half": 3, "moved": 2, "tears": 3, "second": 2, "exiting": 2, "many": 3, "women": 2, "full": 2, "grown": 2, "men": 2, "trying": 2, "desperately": 2, "let": 2, "anyone": 2, "crying": 2, "great": 2, "suggest": 2, "go": 2, "judge": 2}