{"hate": 2, "vampire": 4, "movies": 2, "said": 2, "one": 4, "interesting": 2, "want": 2, "point": 2, "thing": 2, "tho": 2, "bakjwi": 2, "literally": 2, "means": 2, "bat": 7, "korean": 2, "know": 3, "many": 4, "classic": 2, "stories": 2, "see": 2, "count": 2, "dracula": 2, "vampires": 2, "turning": 2, "fly": 3, "away": 2, "wuheva": 2, "also": 2, "bats": 2, "mammals": 4, "thus": 2, "categorizes": 2, "exceptional": 2, "watched": 2, "film": 5, "realized": 2, "theme": 3, "deeply": 2, "embedded": 2, "movie": 3, "make": 2, "duality": 2, "human": 3, "nature": 3, "ever": 2, "read": 2, "aesop": 2, "fables": 2, "fable": 2, "birds": 3, "fighting": 2, "ca": 2, "seem": 2, "take": 2, "side": 2, "tries": 2, "play": 2, "sides": 5, "advantage": 2, "find": 3, "banish": 2, "lands": 2, "end": 2, "two": 2, "contradicting": 2, "constantly": 2, "battle": 2, "throughout": 2, "ex": 2, "blind": 2, "priest": 2, "friend": 2, "effort": 2, "quench": 2, "thirst": 2, "sexual": 2, "desire": 2, "playing": 2, "ordinary": 2, "boring": 3, "life": 2, "thrill": 2, "seeking": 2, "adventure": 2, "etc": 2, "wo": 2, "ruin": 2, "much": 2, "u": 2, "watch": 2, "beautifully": 2, "presented": 2, "plate": 2, "delicious": 2, "romance": 2, "sex": 2, "violence": 2, "religion": 2, "tragedy": 2, "vengeance": 2, "name": 2, "feel": 2, "like": 2, "would": 3, "long": 2, "fresh": 2, "new": 2, "something": 2, "seen": 2, "yet": 3, "say": 2, "cw": 2, "park": 2, "best": 2, "work": 2, "mos": 2, "def": 2, "strangest": 2, "comprehend": 2, "darkly": 2, "intriguing": 2}