{"raised": 2, "canada": 2, "saw": 2, "short": 3, "many": 3, "times": 3, "mostly": 2, "cbc": 2, "seen": 3, "numerous": 2, "ages": 2, "life": 2, "time": 2, "reactions": 2, "joyous": 2, "bittersweet": 2, "beautifully": 2, "animated": 2, "film": 3, "tugs": 2, "heart": 2, "sure": 3, "vhs": 2, "tape": 2, "somewhere": 2, "digging": 2, "every": 2, "kid": 2, "growing": 2, "relate": 2, "situation": 2, "wanting": 2, "fit": 2, "favourite": 2, "idols": 2, "scene": 2, "look": 3, "kids": 2, "face": 2, "mom": 2, "filling": 2, "eatons": 2, "catalogue": 2, "jumping": 2, "around": 2, "room": 2, "priceless": 2, "someone": 2, "capture": 2, "carefree": 2, "mood": 2, "youth": 2, "well": 2, "little": 2, "montreal": 2, "habs": 2, "fan": 2, "makes": 2, "appreciation": 2, "special": 2, "end": 2, "nostalgic": 2, "feel": 2, "pond": 2, "hockey": 2, "memories": 2, "family": 2, "telling": 2, "greatful": 2, "get": 2, "even": 2, "exactly": 2, "wanted": 2, "oh": 2, "yeah": 2, "animation": 2, "beautiful": 2, "rating": 2}