{"priest": 4, "profound": 2, "love": 6, "suffering": 3, "showed": 2, "result": 2, "process": 2, "salvation": 3, "beauty": 2, "human": 4, "vampire": 5, "http": 2, "femme": 3, "fatale": 3, "notorious": 2, "lovely": 3, "taking": 2, "responsible": 4, "death": 2, "keep": 2, "falling": 2, "deep": 2, "paradise": 4, "lost": 4, "decided": 2, "leave": 2, "alone": 2, "fragile": 2, "movie": 2, "made": 2, "think": 2, "far": 2, "beyond": 2, "also": 2, "thought": 2, "adam": 4, "eve": 4, "sacrificial": 2, "pick": 2, "world": 2, "another": 2, "symphonic": 2, "poem": 2}