{"goldrush": 3, "real": 2, "life": 2, "alaskan": 2, "adventure": 3, "great": 3, "tv": 4, "film": 4, "ages": 2, "movie": 2, "focuses": 2, "around": 2, "fizzy": 2, "alyssa": 3, "milano": 3, "wants": 2, "go": 2, "travel": 2, "gold": 2, "alaska": 2, "person": 2, "hires": 2, "pierce": 2, "thomas": 2, "madison": 2, "bruce": 3, "campbell": 3, "comes": 2, "next": 2, "never": 2, "forget": 2, "acting": 2, "especially": 2, "also": 3, "learned": 2, "information": 2, "recommend": 2, "without": 2, "hesitation": 2, "based": 2, "true": 2}