{"review": 2, "submitted": 2, "referred": 2, "young": 2, "actress": 2, "lead": 2, "katerina": 2, "veronika": 2, "involved": 2, "character": 2, "action": 2, "guess": 2, "concerned": 2, "names": 2, "anyway": 2, "film": 2, "brilliant": 2, "said": 2, "cinematography": 2, "director": 2, "use": 2, "montage": 2, "worthy": 3, "eisenstein": 2, "cameraman": 2, "tisse": 2, "production": 2, "design": 2, "top": 2, "notch": 2, "placement": 2, "actors": 2, "foreground": 2, "middle": 2, "ground": 2, "background": 2, "within": 2, "given": 2, "mise": 2, "en": 2, "scene": 2, "study": 2, "stunning": 2, "memorable": 2, "camera": 2, "movement": 2, "ending": 2, "emotional": 2, "punch": 2, "leaves": 2, "hollywood": 2, "films": 2, "far": 2, "behind": 2, "gee": 2, "heroic": 2, "self": 2, "sacrifice": 2, "instead": 2, "walking": 2, "rainbow": 2, "thanks": 2, "john": 2, "hart": 2}