{"pleasantly": 2, "surprised": 2, "find": 2, "movie": 6, "showing": 2, "sneak": 2, "preview": 2, "local": 2, "seen": 2, "plot": 2, "line": 2, "top": 2, "gun": 2, "gi": 2, "jane": 2, "officer": 2, "gentleman": 2, "good": 3, "script": 2, "still": 2, "works": 2, "story": 3, "basically": 2, "training": 5, "coast": 2, "guard": 2, "rescue": 3, "team": 4, "couple": 3, "side": 2, "lines": 2, "kevin": 2, "costner": 3, "plays": 2, "highly": 2, "successful": 2, "leader": 2, "ben": 3, "randall": 3, "forced": 2, "heading": 2, "tough": 3, "mission": 2, "takes": 2, "us": 2, "rigors": 2, "process": 2, "personal": 2, "stories": 2, "character": 2, "jake": 2, "fischer": 2, "played": 2, "ashton": 3, "kutcher": 2, "happy": 2, "say": 2, "great": 3, "surprises": 2, "probably": 2, "realize": 2, "coming": 2, "long": 2, "arrives": 2, "however": 2, "use": 2, "humor": 2, "exploration": 2, "toughness": 2, "fun": 2, "watching": 3, "thing": 2, "trainer": 2, "kept": 2, "riveted": 2, "thoroughly": 2, "entertained": 2, "really": 2, "enjoy": 2, "makes": 2, "entire": 2, "audience": 2, "laugh": 2, "loud": 2, "gasp": 2, "clap": 2, "end": 2, "tribute": 2, "time": 2, "despite": 2, "moments": 2, "think": 2}