{"movie": 4, "certainly": 4, "beginning": 2, "ending": 2, "dark": 3, "focus": 2, "lili": 2, "smith": 2, "julie": 7, "andrews": 7, "initially": 2, "singing": 2, "later": 2, "notorious": 2, "beautiful": 2, "saw": 2, "years": 3, "ago": 3, "watched": 2, "recently": 2, "dismissed": 2, "critics": 2, "overblown": 2, "vulgaris": 2, "lacking": 2, "structure": 2, "among": 2, "others": 2, "time": 2, "proven": 2, "wrong": 3, "blake": 2, "edwards": 2, "produced": 2, "film": 5, "almost": 2, "lyrical": 2, "soars": 2, "swirls": 2, "aerial": 2, "photography": 2, "motion": 2, "captivates": 2, "one": 3, "must": 3, "buy": 2, "premise": 2, "spy": 2, "whose": 2, "mission": 2, "gone": 2, "overlooking": 2, "tepid": 2, "chemistry": 2, "rock": 2, "hudson": 2, "believe": 2, "lovers": 2, "innocence": 2, "fall": 2, "end": 2, "love": 2, "far": 2, "important": 2, "winning": 2, "wars": 2, "maintaining": 2, "lot": 2, "understated": 2, "acting": 2, "reaches": 2, "emotional": 2, "depths": 2, "often": 2, "seen": 3, "wonderful": 2, "comedic": 2, "elements": 2, "foreshadowing": 2, "french": 2, "goons": 2, "interesting": 3, "diplomatic": 2, "asides": 2, "reminding": 2, "tamarind": 2, "seed": 2, "general": 2, "sense": 2, "suspend": 2, "disbelief": 2, "carry": 2, "away": 3, "belting": 2, "war": 2, "songs": 2, "haunting": 2, "reason": 2, "enough": 2, "turn": 2, "tv": 2, "soundtrack": 2, "striptease": 2, "number": 3, "like": 3, "star": 3, "works": 3, "good": 2, "champagne": 2, "aged": 2, "well": 2, "paramount": 2, "bring": 2, "dvd": 3, "soon": 2, "possible": 2, "applies": 2, "transferring": 2, "laser": 2, "disk": 2, "pieces": 2, "meticulous": 2, "underrated": 2}