{"fortunate": 2, "enough": 2, "see": 2, "movie": 6, "last": 2, "night": 2, "though": 2, "expecting": 2, "actually": 2, "really": 3, "enjoyed": 2, "part": 2, "rescues": 2, "sea": 2, "effects": 2, "amazing": 2, "watch": 2, "definitely": 2, "provided": 2, "edge": 2, "seat": 2, "tense": 2, "moments": 3, "probably": 2, "knowing": 2, "guys": 2, "living": 2, "weaker": 2, "parts": 2, "revolve": 2, "largely": 2, "around": 2, "using": 2, "stereotypical": 2, "set": 2, "scenes": 2, "going": 2, "spoil": 2, "follows": 2, "along": 2, "lines": 2, "officer": 2, "gentleman": 2, "give": 2, "little": 2, "bit": 2, "cheesy": 2, "like": 2, "said": 2, "pretty": 2, "good": 2, "worth": 2, "checking": 2, "long": 2, "get": 2, "past": 2}