{"superb": 2, "editing": 2, "outstanding": 2, "acting": 2, "especially": 2, "epatha": 2, "merkerson": 2, "highly": 2, "enjoyable": 2, "musical": 2, "soundtrack": 2, "film": 3, "reaches": 2, "back": 2, "comment": 2, "racial": 2, "lifestyle": 2, "differences": 2, "effect": 2, "desegregation": 2, "weaves": 2, "true": 2, "story": 3, "truly": 2, "admirable": 2, "fantastic": 2, "actor": 2, "portraying": 2, "young": 2, "terrence": 2, "howard": 2, "character": 2, "wonderful": 2, "job": 2, "reflecting": 2, "life": 2, "times": 2, "upbringing": 2, "small": 2, "upstate": 2, "new": 2, "york": 2, "town": 2, "audience": 2, "laughed": 2, "cried": 2, "erupted": 2, "applause": 2, "director": 2, "soon": 2, "shown": 2, "hbo": 2, "feb": 2, "believe": 2, "fire": 2, "tivo": 2, "enjoy": 2, "great": 2}