{"edited": 2, "space": 2, "park": 2, "new": 2, "film": 22, "complex": 2, "easy": 2, "classify": 2, "nominally": 2, "horror": 2, "movie": 2, "central": 2, "character": 2, "vampire": 6, "actually": 3, "elements": 4, "comedy": 2, "theology": 2, "melodrama": 2, "cultural": 2, "invasion": 3, "analog": 2, "viral": 2, "body": 2, "romance": 5, "things": 3, "well": 6, "almost": 4, "much": 4, "mind": 3, "takes": 2, "matters": 2, "mixes": 2, "classic": 2, "european": 2, "literature": 2, "case": 2, "emile": 2, "zola": 2, "raquin": 2, "odd": 2, "mix": 2, "always": 3, "gel": 2, "none": 2, "less": 3, "incredible": 2, "power": 2, "hours": 2, "since": 5, "saw": 3, "lincoln": 2, "center": 2, "post": 2, "discussion": 2, "director": 2, "find": 4, "cage": 2, "increasingly": 2, "rattled": 2, "happens": 3, "bothersome": 2, "wide": 2, "reaching": 2, "story": 4, "themes": 3, "ring": 2, "lot": 2, "bells": 2, "plot": 2, "loved": 4, "priest": 5, "deciding": 2, "best": 2, "way": 3, "help": 2, "mankind": 2, "volunteer": 2, "medical": 2, "experiment": 2, "cure": 2, "terrible": 2, "disease": 3, "infected": 2, "eventually": 2, "succumbs": 2, "dies": 2, "transfusion": 2, "vampiric": 3, "blood": 3, "explained": 2, "survives": 2, "hailed": 2, "miracle": 2, "worker": 2, "returns": 2, "hospital": 2, "ministering": 2, "sick": 2, "unfortunately": 2, "finds": 5, "needs": 2, "survive": 2, "also": 4, "typical": 2, "problems": 2, "possible": 3, "go": 2, "day": 2, "become": 2, "even": 3, "complicated": 2, "becomes": 3, "reacquainted": 2, "childhood": 2, "friend": 3, "family": 2, "animal": 2, "passions": 2, "awakened": 2, "taken": 2, "wife": 2, "goes": 2, "ever": 3, "changing": 2, "spins": 2, "variety": 3, "genres": 3, "tells": 2, "human": 2, "man": 2, "life": 3, "radically": 2, "altered": 2, "chance": 2, "event": 2, "longer": 2, "thought": 2, "stay": 2, "end": 2, "forever": 2, "evolving": 2, "something": 5, "else": 3, "great": 6, "deal": 3, "playing": 3, "constantly": 2, "explored": 2, "ways": 2, "enough": 3, "going": 5, "one": 4, "could": 2, "people": 2, "probably": 2, "write": 2, "books": 2, "discussing": 2, "two": 2, "strongest": 2, "parts": 2, "part": 3, "tale": 2, "brilliant": 2, "lays": 2, "ground": 2, "rules": 2, "nature": 2, "affliction": 2, "makes": 4, "perfect": 3, "sense": 2, "kind": 2, "pushes": 2, "old": 2, "ideas": 2, "aside": 2, "sitting": 2, "theater": 2, "last": 2, "night": 2, "found": 2, "amazed": 2, "impressed": 2, "worked": 2, "think": 4, "fact": 2, "played": 2, "straight": 2, "earth": 2, "shaking": 2, "wants": 2, "normal": 2, "contrasted": 2, "later": 2, "clear": 2, "living": 2, "existence": 2, "hunting": 2, "humans": 2, "really": 3, "work": 2, "dark": 2, "world": 2, "twilight": 2, "lost": 2, "boys": 2, "rather": 2, "personally": 2, "changes": 2, "field": 2, "hip": 2, "cool": 3, "idea": 2, "dream": 2, "real": 3, "tangible": 2, "sequence": 2, "powers": 2, "kick": 2, "wonderfully": 2, "handled": 2, "sure": 2, "sex": 3, "scenes": 2, "steamy": 2, "done": 2, "stuff": 2, "looks": 3, "talk": 3, "gestures": 2, "outside": 2, "special": 2, "love": 4, "quiet": 2, "stares": 2, "forbidden": 2, "couple": 2, "look": 2, "hungering": 2, "unable": 2, "act": 2, "disappointment": 2, "heartbreak": 2, "betrayal": 2, "suspected": 2, "mad": 2, "passion": 2, "consummation": 2, "screen": 3, "romances": 2, "time": 2, "perfectly": 2, "captures": 2, "feeling": 2, "emotion": 3, "deep": 2, "passionate": 2, "lust": 2, "deeply": 2, "guessing": 3, "hear": 2, "know": 2, "statement": 3, "wanted": 2, "spend": 2, "eternity": 2, "sad": 2, "poignancy": 2, "intention": 2, "depth": 2, "tragic": 2, "break": 2, "heart": 2, "wo": 2, "lie": 2, "say": 2, "good": 2, "pieces": 3, "especially": 2, "actors": 2, "unjustly": 2, "failed": 2, "hail": 2, "amazing": 2, "whole": 3, "come": 2, "together": 2, "various": 2, "thematic": 2, "tones": 2, "occasionally": 2, "grate": 2, "frequently": 2, "wondering": 2, "hung": 2, "though": 2, "seemed": 2, "wandering": 2, "liked": 2, "pinging": 2, "around": 2, "head": 2, "several": 2, "days": 3, "like": 2, "irrelevant": 2, "seen": 2, "provide": 2, "material": 2, "afterward": 2, "meatiest": 2, "filling": 2, "films": 2, "year": 2}