{"really": 2, "great": 2, "film": 3, "able": 2, "ignore": 2, "blake": 2, "edwards": 2, "pink": 2, "panther": 2, "references": 2, "appears": 2, "obsessed": 2, "hugely": 2, "unfunny": 2, "julie": 3, "usual": 2, "wonderful": 2, "singing": 2, "acting": 2, "brilliantly": 2, "remember": 2, "seeing": 2, "odeon": 2, "cinema": 2, "haymarket": 2, "london": 2, "release": 2, "however": 2, "uk": 2, "premiere": 2, "star": 3, "unfortunate": 2, "apparently": 2, "due": 2, "filming": 2, "aerial": 3, "shots": 3, "darling": 3, "lili": 3, "ireland": 2, "reasonable": 2, "excuse": 2, "appeared": 2, "two": 2, "box": 2, "office": 2, "flops": 2, "row": 2, "ruined": 2, "career": 2, "quite": 2, "years": 2, "like": 2, "deserves": 2, "much": 2, "public": 2, "appreciation": 2}