{"movie": 2, "scariest": 2, "time": 2, "great": 2, "example": 2, "campy": 2, "eighties": 2, "horror": 3, "flick": 2, "low": 2, "budget": 2, "stars": 2, "lots": 2, "inventive": 2, "death": 2, "scenes": 2, "enough": 2, "nudity": 2, "keep": 2, "teenagers": 2, "seats": 2, "premise": 2, "interesting": 2, "fun": 2, "three": 2, "evil": 2, "kids": 2, "play": 2, "parts": 2, "well": 2, "nice": 2, "starting": 2, "point": 2, "say": 2, "julie": 2, "brown": 2, "exposing": 2, "talents": 2, "early": 2, "career": 2, "film": 2, "wo": 2, "seen": 2, "many": 2, "fans": 2, "must": 2}