{"movie": 4, "deserves": 2, "another": 3, "look": 3, "seen": 2, "first": 2, "young": 3, "came": 2, "based": 2, "play": 2, "name": 2, "story": 3, "older": 3, "actor": 3, "heads": 2, "touring": 2, "shakespearean": 2, "repertory": 2, "company": 4, "england": 2, "world": 2, "war": 2, "ii": 2, "deals": 3, "stress": 2, "trying": 2, "perform": 2, "shakespeare": 3, "night": 2, "facing": 2, "problems": 2, "bombed": 2, "theaters": 2, "made": 2, "physically": 2, "handicapped": 2, "actors": 2, "able": 2, "bodied": 2, "ones": 2, "taken": 2, "military": 2, "service": 2, "also": 2, "relationship": 2, "various": 2, "members": 2, "especially": 3, "dresser": 2, "far": 2, "sounds": 2, "rather": 2, "dull": 2, "nothing": 2, "could": 2, "truth": 2, "tragic": 2, "overall": 2, "told": 2, "lot": 2, "humor": 2, "emotions": 2, "run": 2, "high": 2, "throughout": 2, "two": 2, "male": 2, "leads": 2, "received": 2, "oscar": 2, "nominations": 2, "best": 2, "deservedly": 2, "strongly": 2, "recommend": 2, "anyone": 2, "enjoys": 2, "human": 2, "drama": 2, "theater": 2, "ever": 2, "worked": 2, "backstage": 3, "capacity": 2, "make": 2, "facet": 2, "fascinating": 2, "viewers": 2}