{"lackawanna": 3, "blues": 3, "touching": 3, "story": 3, "nanny": 3, "woman": 2, "gives": 2, "help": 2, "need": 2, "told": 3, "viewpoint": 2, "boy": 2, "taken": 2, "mother": 2, "quite": 3, "respect": 2, "movie": 3, "three": 2, "main": 2, "reasons": 2, "sappy": 2, "real": 2, "fashion": 2, "without": 2, "lot": 2, "aggravating": 2, "hollywood": 2, "storytelling": 2, "baggage": 2, "ending": 2, "good": 3, "teary": 2, "although": 2, "clearly": 2, "film": 3, "set": 2, "black": 2, "community": 2, "new": 2, "york": 2, "wear": 2, "ethnicity": 2, "sleeve": 2, "stands": 2, "strength": 2, "characters": 3, "dramas": 2, "comedies": 2, "surrounding": 2, "lives": 2, "preachy": 2, "simply": 3, "great": 2, "soundtrack": 2, "ca": 2, "beat": 2, "r": 2, "b": 2, "chicago": 2, "generally": 2, "acting": 2, "strong": 2, "universally": 2, "performances": 2, "hold": 2, "actors": 2, "supposed": 2, "portray": 2, "considering": 2, "imperfect": 2, "likable": 2, "rainy": 2, "day": 2}