{"contains": 2, "spoiler": 2, "information": 2, "watch": 2, "director": 2, "film": 5, "earth": 2, "point": 3, "better": 2, "one": 3, "bad": 2, "rare": 2, "feminist": 2, "view": 2, "indian": 2, "filmmaker": 2, "tradition": 2, "rituals": 2, "duty": 2, "secrets": 2, "portrayal": 2, "strict": 2, "sex": 3, "roles": 2, "make": 2, "engaging": 2, "culturally": 2, "dynamic": 2, "viewing": 2, "experience": 2, "married": 2, "characters": 3, "lack": 2, "fire": 3, "marriage": 3, "bed": 2, "respective": 2, "spouses": 2, "husband": 5, "celibate": 2, "commits": 2, "form": 2, "spiritual": 2, "adultery": 2, "giving": 2, "love": 3, "honor": 2, "time": 2, "respect": 2, "religious": 2, "swami": 2, "guru": 2, "wife": 4, "lonely": 2, "yearns": 2, "intimacy": 2, "tenderness": 3, "eventually": 3, "finds": 2, "closeted": 2, "lesbian": 4, "comes": 3, "live": 2, "house": 4, "unfaithful": 3, "openly": 2, "chinese": 2, "mistress": 2, "forced": 2, "unbeknownest": 2, "closet": 2, "loses": 2, "servant": 2, "lives": 2, "reveals": 2, "secret": 2, "two": 4, "women": 3, "lovers": 3, "another": 2, "significant": 2, "character": 2, "elderly": 2, "matriarch": 2, "unable": 2, "speak": 2, "care": 3, "due": 2, "stroke": 2, "however": 3, "uses": 2, "ringing": 2, "bell": 3, "communicate": 2, "needs": 2, "well": 2, "displeasure": 2, "family": 2, "members": 2, "lets": 2, "know": 2, "pounding": 2, "fist": 2, "knows": 2, "exacly": 2, "going": 3, "much": 2, "end": 3, "truth": 2, "everybody": 2, "female": 2, "running": 2, "away": 2, "together": 2, "emotional": 2, "scene": 3, "formerly": 2, "straight": 2, "sari": 2, "catches": 2, "first": 2, "think": 2, "die": 2, "see": 3, "united": 2, "last": 2, "challenges": 2, "culture": 3, "traditions": 2, "shows": 2, "us": 3, "individual": 2, "human": 2, "beings": 2, "trapped": 2, "gender": 2, "come": 2, "really": 2, "stereotypes": 2, "surprises": 2, "humanity": 2, "vulgarity": 2, "anger": 2, "spirit": 2}