{"anything": 3, "park": 7, "creates": 3, "guaranteed": 2, "unique": 2, "brilliant": 2, "twisted": 3, "minimum": 2, "well": 2, "cyborg": 2, "least": 2, "newest": 2, "film": 2, "titled": 3, "thirst": 4, "vampire": 3, "yes": 2, "lot": 2, "adjectives": 2, "inspired": 2, "century": 2, "french": 2, "novel": 2, "emile": 2, "zola": 2, "therese": 2, "raquin": 2, "uniquely": 3, "korean": 2, "vision": 2, "mythos": 2, "asks": 2, "audience": 4, "explore": 2, "dilemma": 2, "catholic": 2, "priest": 2, "discovering": 2, "blood": 2, "moral": 2, "spiritual": 2, "crisis": 2, "would": 3, "develop": 2, "delivers": 2, "elements": 2, "hope": 2, "definitely": 3, "falls": 2, "short": 2, "masterpiece": 2, "quality": 2, "like": 2, "oldboy": 2, "even": 2, "lady": 2, "vengeance": 2, "heavily": 2, "bloated": 2, "narrative": 2, "often": 2, "loses": 2, "much": 2, "less": 2, "desperately": 2, "needed": 2, "another": 3, "trip": 2, "cutting": 2, "room": 2, "crawls": 2, "running": 2, "luckily": 2, "brings": 2, "back": 2, "home": 2, "losing": 2, "completely": 2, "negative": 2, "may": 2, "sound": 2, "positives": 2, "outweigh": 2, "negatives": 2, "volume": 2, "without": 2, "doubt": 2, "added": 2, "dark": 2, "zeitgeist": 2, "check": 2, "rest": 2, "review": 2}