{"always": 2, "loved": 3, "film": 3, "music": 3, "story": 2, "action": 2, "especially": 2, "love": 2, "opening": 2, "closing": 2, "stayed": 2, "throughout": 2, "years": 2, "wwi": 3, "plane": 2, "battles": 2, "great": 2, "comedy": 2, "typical": 2, "blake": 2, "edwards": 2, "slaptick": 2, "forte": 2, "julie": 3, "singing": 3, "amazing": 2, "keeps": 2, "glued": 2, "screen": 2, "sets": 2, "scenes": 2, "wonderful": 2, "characters": 2, "appealing": 2, "scene": 2, "wounded": 2, "soldiers": 2, "wish": 2, "sang": 2, "vietnam": 2, "also": 2, "enjoyed": 2, "old": 2, "cars": 2, "period": 2, "glad": 2, "dvd": 2, "arrived": 2, "whistle": 2, "dark": 2, "watching": 2}