{"movie": 6, "special": 2, "award": 2, "cannes": 2, "acting": 3, "difficult": 2, "see": 2, "spoilers": 2, "ending": 2, "watch": 2, "simple": 2, "story": 2, "moscow": 2, "eve": 2, "war": 2, "russia": 2, "germany": 2, "ww": 2, "ii": 2, "veronika": 6, "tatiana": 2, "samoilova": 4, "love": 2, "boris": 7, "aleksei": 2, "batalov": 2, "spat": 2, "learns": 2, "enlisted": 2, "army": 2, "leaves": 2, "front": 2, "tell": 2, "loves": 2, "shot": 3, "ultimate": 2, "fate": 2, "remains": 2, "unknown": 2, "family": 2, "mark": 3, "cousin": 2, "rapes": 2, "feels": 2, "obligated": 2, "marry": 2, "degraded": 2, "demeaned": 2, "cowardly": 2, "clings": 2, "hope": 2, "someday": 2, "return": 2, "superb": 4, "wonderful": 2, "set": 3, "pieces": 3, "director": 2, "kalatozov": 3, "anyone": 2, "interested": 2, "film": 2, "technique": 2, "another": 2, "cuba": 2, "least": 2, "two": 3, "one": 2, "long": 4, "tracking": 2, "begins": 2, "funeral": 2, "procession": 3, "streets": 2, "havana": 2, "rises": 2, "stories": 2, "cigar": 2, "factory": 2, "tracks": 2, "though": 2, "window": 2, "follows": 2, "avenue": 2, "without": 2, "cut": 2, "particularly": 2, "vasili": 2, "merkuryev": 2, "uncle": 2, "made": 2, "poignant": 2, "sheer": 2, "understatement": 2, "devastatingly": 2, "romantic": 2, "performance": 2, "frequently": 2, "linked": 2, "russian": 2, "classic": 2, "ballad": 2, "soldier": 2}