{"petty": 2, "officer": 2, "class": 2, "uscg": 2, "years": 2, "feel": 2, "movie": 3, "strongly": 2, "represents": 2, "coast": 2, "guard": 2, "scenes": 3, "far": 2, "fetched": 2, "po": 2, "fischer": 2, "kutcher": 2, "went": 2, "inside": 3, "sinking": 2, "vessel": 4, "pull": 2, "captain": 3, "engine": 2, "room": 2, "would": 4, "never": 2, "happen": 2, "swimmers": 2, "allowed": 2, "go": 2, "matter": 2, "circumstances": 2, "second": 2, "command": 3, "center": 3, "supposedly": 2, "kodiak": 2, "looked": 2, "like": 4, "nasa": 2, "gear": 2, "third": 2, "airstation": 2, "running": 2, "search": 3, "rescue": 3, "cases": 2, "people": 2, "watch": 2, "reality": 2, "sar": 3, "controller": 3, "maybe": 2, "support": 2, "personnel": 2, "assist": 2, "radio": 2, "watchstander": 2, "otherwise": 2, "dead": 2, "think": 2, "incorporated": 2, "rates": 3, "cg": 2, "roles": 2, "instead": 2, "aviation": 2, "based": 2, "school": 2, "reminded": 2, "days": 3, "dumb": 2, "stuff": 2, "got": 2, "trouble": 2, "younger": 2}