{"lackawana": 2, "blues": 2, "impressive": 2, "hbo": 3, "movie": 2, "beautiful": 2, "woman": 2, "made": 2, "house": 2, "home": 2, "several": 2, "alive": 2, "great": 2, "mix": 2, "sound": 2, "based": 2, "true": 2, "story": 2, "featuring": 2, "time": 2, "capsule": 2, "get": 2, "point": 2, "payola": 2, "would": 2, "throw": 2, "around": 2, "superlatives": 2, "go": 2, "extras": 2, "dvd": 2, "include": 2, "deleted": 2, "scene": 2, "featurette": 3, "funniest": 2, "part": 2, "star": 2, "lighting": 2, "used": 2, "interviewing": 2, "exec": 2, "producer": 2, "halle": 2, "berry": 2, "ok": 2, "seriously": 2, "good": 2, "times": 2}