{"albert": 2, "finney": 2, "tom": 2, "courtenay": 2, "brilliant": 3, "sir": 2, "dresser": 2, "course": 2, "play": 3, "begin": 2, "nothing": 2, "compare": 2, "immediacy": 2, "collegiality": 2, "theatre": 5, "think": 2, "listen": 3, "better": 3, "screen": 2, "become": 2, "intimate": 2, "witness": 2, "subtle": 2, "changes": 2, "expression": 2, "see": 3, "well": 2, "movie": 2, "wondrous": 2, "moving": 2, "intelligent": 2, "illuminating": 2, "backstage": 2, "story": 2, "company": 2, "historical": 2, "context": 2, "two": 2, "main": 2, "characters": 3, "parallel": 2, "lear": 2, "get": 3, "imagine": 2, "produced": 2, "much": 2, "days": 2, "please": 2, "favor": 2, "video": 2}