{"subtle": 2, "story": 3, "fact": 2, "indian": 3, "household": 2, "decisions": 2, "taken": 2, "man": 2, "attention": 2, "paid": 2, "desires": 3, "lady": 2, "example": 2, "even": 3, "husband": 3, "wife": 2, "sleep": 2, "together": 2, "would": 2, "test": 2, "whether": 2, "control": 2, "give": 2, "woman": 2, "pleasure": 2, "type": 2, "scenario": 2, "women": 3, "invariably": 2, "two": 2, "choices": 2, "either": 2, "accept": 3, "take": 2, "life": 2, "usually": 2, "case": 2, "try": 2, "mould": 2, "things": 2, "satisfy": 2, "makes": 2, "movie": 3, "fire": 2, "brilliantly": 2, "directed": 2, "second": 2, "option": 2, "choose": 2, "sacrifice": 2, "serve": 2, "anybody": 2, "else": 2, "rather": 2, "decision": 2, "good": 2, "somehow": 2, "whole": 4, "idea": 2, "justifying": 2, "lesbianism": 2, "find": 2, "acceptance": 2, "audience": 2, "one": 2, "looks": 2, "angle": 2, "debate": 2, "arise": 2}