{"family": 2, "entire": 2, "sold": 2, "sneak": 2, "preview": 2, "audience": 2, "enjoyed": 2, "guardian": 2, "kevin": 2, "costner": 2, "ashton": 2, "kutcher": 2, "gave": 2, "convincing": 3, "performances": 2, "fictional": 3, "helicopter": 4, "rescue": 5, "swimmer": 3, "characters": 2, "ben": 2, "jake": 2, "seeing": 3, "movie": 6, "ca": 2, "help": 2, "imagine": 2, "difficult": 2, "must": 2, "graduate": 2, "uscg": 2, "school": 2, "one": 2, "day": 2, "take": 2, "part": 3, "real": 5, "even": 2, "though": 2, "delivered": 2, "rather": 2, "virtues": 2, "team": 2, "spirit": 2, "dedication": 2, "bravery": 2, "exhibited": 2, "members": 2, "actual": 2, "coast": 4, "special": 2, "effects": 2, "used": 2, "create": 2, "scenes": 2, "incredible": 2, "actually": 2, "felt": 2, "like": 2, "taking": 2, "feel": 2, "could": 2, "made": 2, "without": 2, "hollywood": 2, "bar": 2, "scene": 2, "see": 2, "might": 2, "agree": 2, "since": 2, "guard": 3, "condone": 2, "behavior": 2, "entertaining": 2, "action": 2, "packed": 2, "definitely": 2, "worth": 2, "thank": 2, "swimmers": 2, "others": 2, "may": 2, "live": 2, "highly": 2, "recommend": 2, "everyone": 2}