{"story": 2, "three": 2, "eclipse": 2, "maybe": 2, "even": 3, "indigo": 2, "ha": 2, "children": 2, "beginning": 2, "love": 2, "murder": 3, "oh": 2, "people": 2, "hot": 2, "bloody": 2, "birthday": 2, "pretty": 2, "mediocre": 2, "title": 3, "film": 3, "nice": 2, "lil": 3, "surprise": 2, "way": 2, "expecting": 2, "dealt": 2, "psychopath": 2, "kids": 6, "may": 2, "say": 2, "also": 2, "one": 3, "best": 2, "flicks": 2, "seen": 2, "villains": 2, "end": 3, "movie": 3, "seriously": 2, "wanted": 2, "die": 2, "horrible": 2, "really": 2, "solid": 2, "horror": 3, "flick": 4, "getting": 2, "away": 3, "mayhem": 2, "something": 2, "ca": 2, "think": 2, "slightest": 2, "bit": 2, "investigation": 2, "would": 2, "easily": 2, "uncover": 2, "sh": 2, "ts": 2, "murderers": 2, "seems": 2, "couple": 2, "police": 2, "town": 2, "well": 2, "seemed": 2, "like": 2, "dimwit": 2, "suppose": 2, "could": 2, "gotten": 2, "haha": 2, "yeah": 2, "chinese": 2, "nevertheless": 2, "delivered": 2, "evilass": 2, "entertaining": 2, "lot": 2, "premarital": 2, "sex": 2, "decent": 2, "amount": 2, "boobage": 2, "kiddin": 2, "put": 2, "less": 2, "stellar": 2, "dash": 2, "mind": 2, "give": 2, "shot": 2, "recommendable": 2, "underrated": 2}