{"intelligent": 2, "moving": 2, "beautiful": 2, "film": 2, "study": 2, "ways": 2, "people": 2, "react": 2, "tradition": 2, "reminds": 2, "william": 2, "faulkner": 2, "novels": 2, "characters": 2, "feel": 2, "trapped": 3, "weight": 2, "roles": 3, "expected": 2, "assume": 2, "seek": 2, "way": 2, "live": 2, "within": 3, "rather": 2, "throw": 2, "altogether": 2, "story": 2, "develops": 2, "two": 2, "wives": 2, "loveless": 2, "marriages": 2, "draw": 2, "together": 2, "drawing": 2, "strength": 2, "friendship": 2, "love": 2, "give": 2, "courage": 2, "abandon": 2, "found": 2, "living": 3, "traditions": 2, "life": 2, "sort": 2, "death": 2, "without": 4, "passion": 2, "true": 2, "connection": 2, "others": 2, "fulfillment": 2, "although": 2, "know": 2, "price": 3, "paid": 2, "rebellion": 2, "freedom": 2, "much": 2, "less": 2, "dear": 2, "sacrifice": 2, "called": 2, "comfortable": 2, "predictable": 2, "screenplay": 2, "wonderful": 2, "acting": 2, "marvelous": 2, "near": 2, "perfect": 2}