{"blake": 3, "edwards": 4, "film": 4, "sure": 2, "whether": 2, "wants": 2, "comedy": 2, "drama": 2, "musical": 2, "matter": 2, "sheer": 2, "presence": 2, "julie": 4, "andrews": 2, "reason": 2, "enough": 2, "see": 2, "spoof": 2, "beautiful": 2, "uses": 2, "many": 2, "talents": 2, "throughout": 2, "rock": 2, "hudson": 2, "looks": 2, "tired": 2, "fine": 2, "romantic": 2, "interest": 2, "authentic": 2, "world": 2, "war": 2, "cars": 2, "planes": 2, "add": 2, "appeal": 2, "overall": 2, "entertaining": 2, "dvd": 2, "release": 4, "edited": 2, "version": 4, "original": 2, "supposedly": 2, "would": 2, "allow": 2, "turner": 2, "classic": 2, "movies": 2, "shown": 2, "complete": 2, "theatrical": 2, "recently": 2, "recommended": 2}